[{"model": "sessions.session", "pk": "08mbegpf8yivsiumfd4d66o3actqa3h4", "fields": {"session_data": ".eJxVjM0OwiAQhN-FsyGwSyt49O4zkF1-pGogKe3J-O62SQ96m8z3zbyFp3Upfu1p9lMUFwHi9NsxhWeqO4gPqvcmQ6vLPLHcFXnQLm8tptf1cP8OCvWyrbUyCkBpzCYmYAXKjCqiTeC2OJwTjsTGMBLm7CyjC85ZzRSdRj0Y8fkCqKs2mA:1unpjH:LqQfNuhqxeHyzBS4tiWuDc0HBhvgT74I--jwItUv5yQ", "expire_date": "2025-09-01T02:36:11.616Z"}}, {"model": "apiapp.user", "fields": {"password": "pbkdf2_sha256$870000$YA1KoDO6CP7926GWHTwPk2$CfmGfHnZGHPg+VsLRuOnThbqr0x/MC+vtnOfJovo/Fg=", "last_login": null, "is_superuser": false, "username": "testuser", "first_name": "", "last_name": "", "email": "abc@example.com", "is_staff": false, "is_active": true, "date_joined": "2025-08-14T00:22:26.500Z", "avatar": null, "bio": null, "groups": [], "user_permissions": []}}, {"model": "apiapp.user", "fields": {"password": "pbkdf2_sha256$870000$t4Zpu25A1tgbJD70Ng5wMY$fYIrSy/ssqaXAoajSt8WU5IkrKPtEKuelwWk2EUN4Do=", "last_login": "2025-08-18T02:36:11.611Z", "is_superuser": true, "username": "admin", "first_name": "", "last_name": "", "email": "", "is_staff": true, "is_active": true, "date_joined": "2025-08-14T03:51:55.771Z", "avatar": null, "bio": null, "groups": [], "user_permissions": []}}, {"model": "apiapp.user", "fields": {"password": "pbkdf2_sha256$870000$XqlSTLwsa1j2DwevVLjtDP$pQxjlhkZSiIb3EfvedPJiUxSwEZhDPdD03YgtIsg7Ww=", "last_login": null, "is_superuser": false, "username": "alice", "first_name": "", "last_name": "", "email": "", "is_staff": false, "is_active": true, "date_joined": "2025-08-14T04:06:34.439Z", "avatar": null, "bio": null, "groups": [], "user_permissions": []}}, {"model": "apiapp.user", "fields": {"password": "pbkdf2_sha256$870000$Zu1Sr7br0zY77y5ckH7N1x$HadXClJnPj00mzKfipeQhWAQw2VHJMSs0x+DUHYYmZo=", "last_login": null, "is_superuser": false, "username": "bob", "first_name": "", "last_name": "", "email": "", "is_staff": false, "is_active": true, "date_joined": "2025-08-14T04:06:35.434Z", "avatar": null, "bio": null, "groups": [], "user_permissions": []}}, {"model": "apiapp.user", "fields": {"password": "pbkdf2_sha256$870000$s74sH47W3qNduFBhUAV2O2$nkb2e6ty8uJb1yW9FkV097I0STLkpEZldnjVitvFiLc=", "last_login": null, "is_superuser": false, "username": "carol", "first_name": "", "last_name": "", "email": "", "is_staff": false, "is_active": true, "date_joined": "2025-08-14T04:06:36.365Z", "avatar": null, "bio": null, "groups": [], "user_permissions": []}}, {"model": "apiapp.user", "fields": {"password": "pbkdf2_sha256$870000$tof2fEjb3j6xxchouQCH0E$2WMixIDPJbSZcJIesVhUuWvQ9dw3tlw+OyerFHnqD/A=", "last_login": null, "is_superuser": false, "username": "dave", "first_name": "", "last_name": "", "email": "", "is_staff": false, "is_active": true, "date_joined": "2025-08-14T04:06:37.327Z", "avatar": null, "bio": null, "groups": [], "user_permissions": []}}, {"model": "apiapp.user", "fields": {"password": "pbkdf2_sha256$870000$X13lhaQtLRnyE44sOuJ3aq$4o9h1AVrk94T8hwBpdiBnuisuVN9Qnsr6KlZDSmiMqk=", "last_login": null, "is_superuser": false, "username": "eve", "first_name": "", "last_name": "", "email": "", "is_staff": false, "is_active": true, "date_joined": "2025-08-14T04:06:38.279Z", "avatar": null, "bio": null, "groups": [], "user_permissions": []}}, {"model": "apiapp.user", "fields": {"password": "pbkdf2_sha256$870000$9cj1TcoXFKg1U2QMlxddKs$HFoAPW0ZN8n+3XbapSPOZ5jyqoqlDKlciz3QgEKehr8=", "last_login": null, "is_superuser": false, "username": "Battle", "first_name": "", "last_name": "", "email": "", "is_staff": false, "is_active": true, "date_joined": "2025-08-16T12:38:21.661Z", "avatar": null, "bio": null, "groups": [], "user_permissions": []}}, {"model": "apiapp.user", "fields": {"password": "pbkdf2_sha256$870000$aaX2CPIEbXVaZ5611cAT71$wey62LpB7odt0tG7blt5QdUNuny3brGmJvgjtnD3/Dg=", "last_login": null, "is_superuser": false, "username": "honda", "first_name": "", "last_name": "", "email": "", "is_staff": false, "is_active": true, "date_joined": "2025-08-18T13:03:52.626Z", "avatar": null, "bio": null, "groups": [], "user_permissions": []}}, {"model": "apiapp.game", "pk": 2, "fields": {"name": "Chess", "description": "Classic board game", "created_at": "2025-08-14T03:51:56.874Z", "image": "game_images/Chess.jpeg"}}, {"model": "apiapp.game", "pk": 3, "fields": {"name": "Sudoku", "description": "Number puzzle game", "created_at": "2025-08-14T03:51:56.874Z", "image": "game_images/sudoku.png"}}, {"model": "apiapp.game", "pk": 4, "fields": {"name": "Tetris", "description": "Block puzzle game", "created_at": "2025-08-14T03:51:56.874Z", "image": "game_images/tetris.jpeg"}}, {"model": "apiapp.game", "pk": 5, "fields": {"name": "Pac-Man", "description": "Arcade maze game", "created_at": "2025-08-14T03:51:56.874Z", "image": "game_images/pacmanjpeg.jpeg"}}, {"model": "apiapp.game", "pk": 10, "fields": {"name": "Crossword", "description": "Word puzzle where players fill in words based on clues.", "created_at": "2025-08-18T02:40:26.334Z", "image": "game_images/crossword.png"}}, {"model": "apiapp.game", "pk": 11, "fields": {"name": "Temple Run", "description": "Adventure runner game where players escape while avoiding traps.", "created_at": "2025-08-18T02:41:21.251Z", "image": "game_images/templerun.jpeg"}}, {"model": "apiapp.score", "pk": 3, "fields": {"player": ["admin"], "player_name": null, "game": 2, "score": 270, "created_at": "2025-08-14T03:51:56.879Z"}}, {"model": "apiapp.score", "pk": 4, "fields": {"player": ["admin"], "player_name": null, "game": 3, "score": 211, "created_at": "2025-08-14T03:51:56.879Z"}}, {"model": "apiapp.score", "pk": 5, "fields": {"player": ["admin"], "player_name": null, "game": 4, "score": 144, "created_at": "2025-08-14T03:51:56.879Z"}}, {"model": "apiapp.score", "pk": 6, "fields": {"player": ["admin"], "player_name": null, "game": 5, "score": 366, "created_at": "2025-08-14T03:51:56.879Z"}}, {"model": "apiapp.score", "pk": 8, "fields": {"player": ["admin"], "player_name": null, "game": 2, "score": 260, "created_at": "2025-08-14T04:06:39.304Z"}}, {"model": "apiapp.score", "pk": 9, "fields": {"player": ["admin"], "player_name": null, "game": 3, "score": 20, "created_at": "2025-08-14T04:06:39.304Z"}}, {"model": "apiapp.score", "pk": 10, "fields": {"player": ["admin"], "player_name": null, "game": 4, "score": 271, "created_at": "2025-08-14T04:06:39.304Z"}}, {"model": "apiapp.score", "pk": 11, "fields": {"player": ["admin"], "player_name": null, "game": 5, "score": 120, "created_at": "2025-08-14T04:06:39.304Z"}}, {"model": "apiapp.score", "pk": 17, "fields": {"player": ["alice"], "player_name": null, "game": 2, "score": 186, "created_at": "2025-08-14T04:06:39.304Z"}}, {"model": "apiapp.score", "pk": 18, "fields": {"player": ["alice"], "player_name": null, "game": 3, "score": 224, "created_at": "2025-08-14T04:06:39.304Z"}}, {"model": "apiapp.score", "pk": 19, "fields": {"player": ["alice"], "player_name": null, "game": 4, "score": 299, "created_at": "2025-08-14T04:06:39.304Z"}}, {"model": "apiapp.score", "pk": 20, "fields": {"player": ["alice"], "player_name": null, "game": 5, "score": 367, "created_at": "2025-08-14T04:06:39.304Z"}}, {"model": "apiapp.score", "pk": 26, "fields": {"player": ["bob"], "player_name": null, "game": 2, "score": 203, "created_at": "2025-08-14T04:06:39.304Z"}}, {"model": "apiapp.score", "pk": 27, "fields": {"player": ["bob"], "player_name": null, "game": 3, "score": 322, "created_at": "2025-08-14T04:06:39.304Z"}}, {"model": "apiapp.score", "pk": 28, "fields": {"player": ["bob"], "player_name": null, "game": 4, "score": 147, "created_at": "2025-08-14T04:06:39.304Z"}}, {"model": "apiapp.score", "pk": 29, "fields": {"player": ["bob"], "player_name": null, "game": 5, "score": 145, "created_at": "2025-08-14T04:06:39.304Z"}}, {"model": "apiapp.score", "pk": 35, "fields": {"player": ["carol"], "player_name": null, "game": 2, "score": 239, "created_at": "2025-08-14T04:06:39.305Z"}}, {"model": "apiapp.score", "pk": 36, "fields": {"player": ["carol"], "player_name": null, "game": 3, "score": 188, "created_at": "2025-08-14T04:06:39.305Z"}}, {"model": "apiapp.score", "pk": 37, "fields": {"player": ["carol"], "player_name": null, "game": 4, "score": 167, "created_at": "2025-08-14T04:06:39.305Z"}}, {"model": "apiapp.score", "pk": 38, "fields": {"player": ["carol"], "player_name": null, "game": 5, "score": 322, "created_at": "2025-08-14T04:06:39.305Z"}}, {"model": "apiapp.score", "pk": 44, "fields": {"player": ["dave"], "player_name": null, "game": 2, "score": 370, "created_at": "2025-08-14T04:06:39.305Z"}}, {"model": "apiapp.score", "pk": 45, "fields": {"player": ["dave"], "player_name": null, "game": 3, "score": 129, "created_at": "2025-08-14T04:06:39.305Z"}}, {"model": "apiapp.score", "pk": 46, "fields": {"player": ["dave"], "player_name": null, "game": 4, "score": 364, "created_at": "2025-08-14T04:06:39.305Z"}}, {"model": "apiapp.score", "pk": 47, "fields": {"player": ["dave"], "player_name": null, "game": 5, "score": 347, "created_at": "2025-08-14T04:06:39.305Z"}}, {"model": "apiapp.score", "pk": 53, "fields": {"player": ["eve"], "player_name": null, "game": 2, "score": 390, "created_at": "2025-08-14T04:06:39.305Z"}}, {"model": "apiapp.score", "pk": 54, "fields": {"player": ["eve"], "player_name": null, "game": 3, "score": 250, "created_at": "2025-08-14T04:06:39.305Z"}}, {"model": "apiapp.score", "pk": 55, "fields": {"player": ["eve"], "player_name": null, "game": 4, "score": 375, "created_at": "2025-08-14T04:06:39.305Z"}}, {"model": "apiapp.score", "pk": 56, "fields": {"player": ["eve"], "player_name": null, "game": 5, "score": 126, "created_at": "2025-08-14T04:06:39.305Z"}}, {"model": "apiapp.score", "pk": 61, "fields": {"player": ["carol"], "player_name": null, "game": 10, "score": 233, "created_at": "2025-08-18T02:47:08.862Z"}}, {"model": "apiapp.score", "pk": 62, "fields": {"player": ["eve"], "player_name": null, "game": 11, "score": 1000, "created_at": "2025-08-18T02:47:38.150Z"}}, {"model": "apiapp.score", "pk": 63, "fields": {"player": null, "player_name": "Alice", "game": 2, "score": 210, "created_at": "2025-08-19T04:14:00.604Z"}}, {"model": "apiapp.score", "pk": 64, "fields": {"player": null, "player_name": "Bob", "game": 2, "score": 309, "created_at": "2025-08-19T04:14:00.617Z"}}, {"model": "apiapp.score", "pk": 65, "fields": {"player": null, "player_name": "Carol", "game": 2, "score": 274, "created_at": "2025-08-19T04:14:00.621Z"}}, {"model": "apiapp.score", "pk": 66, "fields": {"player": null, "player_name": "Dave", "game": 2, "score": 433, "created_at": "2025-08-19T04:14:00.626Z"}}, {"model": "apiapp.score", "pk": 67, "fields": {"player": null, "player_name": "Eve", "game": 2, "score": 330, "created_at": "2025-08-19T04:14:00.630Z"}}, {"model": "apiapp.score", "pk": 68, "fields": {"player": null, "player_name": "Frank", "game": 2, "score": 178, "created_at": "2025-08-19T04:14:00.633Z"}}, {"model": "apiapp.score", "pk": 69, "fields": {"player": null, "player_name": "Grace", "game": 2, "score": 413, "created_at": "2025-08-19T04:14:00.637Z"}}, {"model": "apiapp.score", "pk": 70, "fields": {"player": null, "player_name": "Hank", "game": 2, "score": 361, "created_at": "2025-08-19T04:14:00.641Z"}}, {"model": "apiapp.score", "pk": 71, "fields": {"player": null, "player_name": "Ivy", "game": 2, "score": 163, "created_at": "2025-08-19T04:14:00.646Z"}}, {"model": "apiapp.score", "pk": 72, "fields": {"player": null, "player_name": "Jack", "game": 2, "score": 369, "created_at": "2025-08-19T04:14:00.651Z"}}, {"model": "apiapp.score", "pk": 73, "fields": {"player": null, "player_name": "Kathy", "game": 2, "score": 139, "created_at": "2025-08-19T04:14:00.654Z"}}, {"model": "apiapp.score", "pk": 74, "fields": {"player": null, "player_name": "Leo", "game": 2, "score": 162, "created_at": "2025-08-19T04:14:00.660Z"}}, {"model": "apiapp.score", "pk": 75, "fields": {"player": null, "player_name": "Mona", "game": 2, "score": 159, "created_at": "2025-08-19T04:14:00.665Z"}}, {"model": "apiapp.score", "pk": 76, "fields": {"player": null, "player_name": "Nate", "game": 2, "score": 440, "created_at": "2025-08-19T04:14:00.668Z"}}, {"model": "apiapp.score", "pk": 77, "fields": {"player": null, "player_name": "Olivia", "game": 2, "score": 237, "created_at": "2025-08-19T04:14:00.673Z"}}, {"model": "apiapp.score", "pk": 78, "fields": {"player": null, "player_name": "Paul", "game": 2, "score": 108, "created_at": "2025-08-19T04:14:00.677Z"}}, {"model": "apiapp.score", "pk": 79, "fields": {"player": null, "player_name": "Quinn", "game": 2, "score": 465, "created_at": "2025-08-19T04:14:00.681Z"}}, {"model": "apiapp.score", "pk": 80, "fields": {"player": null, "player_name": "Rachel", "game": 2, "score": 320, "created_at": "2025-08-19T04:14:00.685Z"}}, {"model": "apiapp.score", "pk": 81, "fields": {"player": null, "player_name": "Steve", "game": 2, "score": 311, "created_at": "2025-08-19T04:14:00.689Z"}}, {"model": "apiapp.score", "pk": 82, "fields": {"player": null, "player_name": "Tina", "game": 2, "score": 495, "created_at": "2025-08-19T04:14:00.694Z"}}, {"model": "apiapp.score", "pk": 83, "fields": {"player": null, "player_name": "Uma", "game": 2, "score": 310, "created_at": "2025-08-19T04:14:00.699Z"}}, {"model": "apiapp.score", "pk": 84, "fields": {"player": null, "player_name": "Victor", "game": 2, "score": 119, "created_at": "2025-08-19T04:14:00.704Z"}}, {"model": "apiapp.score", "pk": 85, "fields": {"player": null, "player_name": "Wendy", "game": 2, "score": 459, "created_at": "2025-08-19T04:14:00.709Z"}}, {"model": "apiapp.score", "pk": 86, "fields": {"player": null, "player_name": "Xander", "game": 2, "score": 368, "created_at": "2025-08-19T04:14:00.714Z"}}, {"model": "apiapp.score", "pk": 87, "fields": {"player": null, "player_name": "Yara", "game": 2, "score": 199, "created_at": "2025-08-19T04:14:00.719Z"}}, {"model": "apiapp.score", "pk": 88, "fields": {"player": null, "player_name": "Zane", "game": 2, "score": 276, "created_at": "2025-08-19T04:14:00.724Z"}}, {"model": "apiapp.score", "pk": 89, "fields": {"player": null, "player_name": "Aaron", "game": 2, "score": 480, "created_at": "2025-08-19T04:14:00.728Z"}}, {"model": "apiapp.score", "pk": 90, "fields": {"player": null, "player_name": "Bella", "game": 2, "score": 278, "created_at": "2025-08-19T04:14:00.733Z"}}, {"model": "apiapp.score", "pk": 91, "fields": {"player": null, "player_name": "Cody", "game": 2, "score": 397, "created_at": "2025-08-19T04:14:00.737Z"}}, {"model": "apiapp.score", "pk": 92, "fields": {"player": null, "player_name": "Diana", "game": 2, "score": 264, "created_at": "2025-08-19T04:14:00.741Z"}}, {"model": "apiapp.score", "pk": 93, "fields": {"player": null, "player_name": "Ethan", "game": 2, "score": 232, "created_at": "2025-08-19T04:14:00.746Z"}}, {"model": "apiapp.score", "pk": 94, "fields": {"player": null, "player_name": "Fiona", "game": 2, "score": 173, "created_at": "2025-08-19T04:14:00.750Z"}}, {"model": "apiapp.score", "pk": 95, "fields": {"player": null, "player_name": "George", "game": 2, "score": 157, "created_at": "2025-08-19T04:14:00.754Z"}}, {"model": "apiapp.score", "pk": 96, "fields": {"player": null, "player_name": "Hannah", "game": 2, "score": 307, "created_at": "2025-08-19T04:14:00.758Z"}}, {"model": "apiapp.score", "pk": 97, "fields": {"player": null, "player_name": "Ian", "game": 2, "score": 161, "created_at": "2025-08-19T04:14:00.763Z"}}, {"model": "apiapp.score", "pk": 98, "fields": {"player": null, "player_name": "Julia", "game": 2, "score": 207, "created_at": "2025-08-19T04:14:00.767Z"}}, {"model": "apiapp.score", "pk": 99, "fields": {"player": null, "player_name": "Kevin", "game": 2, "score": 204, "created_at": "2025-08-19T04:14:00.770Z"}}, {"model": "apiapp.score", "pk": 100, "fields": {"player": null, "player_name": "Laura", "game": 2, "score": 202, "created_at": "2025-08-19T04:14:00.774Z"}}, {"model": "apiapp.score", "pk": 101, "fields": {"player": null, "player_name": "Mike", "game": 2, "score": 355, "created_at": "2025-08-19T04:14:00.778Z"}}, {"model": "apiapp.score", "pk": 102, "fields": {"player": null, "player_name": "Nina", "game": 2, "score": 229, "created_at": "2025-08-19T04:14:00.782Z"}}, {"model": "apiapp.score", "pk": 103, "fields": {"player": null, "player_name": "Oscar", "game": 2, "score": 340, "created_at": "2025-08-19T04:14:00.785Z"}}, {"model": "apiapp.score", "pk": 104, "fields": {"player": null, "player_name": "Paula", "game": 2, "score": 204, "created_at": "2025-08-19T04:14:00.789Z"}}, {"model": "apiapp.score", "pk": 105, "fields": {"player": null, "player_name": "Quincy", "game": 2, "score": 201, "created_at": "2025-08-19T04:14:00.793Z"}}, {"model": "apiapp.score", "pk": 106, "fields": {"player": null, "player_name": "Rita", "game": 2, "score": 252, "created_at": "2025-08-19T04:14:00.796Z"}}, {"model": "apiapp.score", "pk": 107, "fields": {"player": null, "player_name": "Sam", "game": 2, "score": 225, "created_at": "2025-08-19T04:14:00.800Z"}}, {"model": "apiapp.score", "pk": 108, "fields": {"player": null, "player_name": "Tracy", "game": 2, "score": 140, "created_at": "2025-08-19T04:14:00.803Z"}}, {"model": "apiapp.score", "pk": 109, "fields": {"player": null, "player_name": "Ulysses", "game": 2, "score": 418, "created_at": "2025-08-19T04:14:00.807Z"}}, {"model": "apiapp.score", "pk": 110, "fields": {"player": null, "player_name": "Vera", "game": 2, "score": 460, "created_at": "2025-08-19T04:14:00.928Z"}}, {"model": "apiapp.score", "pk": 111, "fields": {"player": null, "player_name": "Will", "game": 2, "score": 221, "created_at": "2025-08-19T04:14:00.935Z"}}, {"model": "apiapp.score", "pk": 112, "fields": {"player": null, "player_name": "Yvonne", "game": 2, "score": 439, "created_at": "2025-08-19T04:14:00.943Z"}}, {"model": "apiapp.score", "pk": 113, "fields": {"player": null, "player_name": "Alice", "game": 3, "score": 400, "created_at": "2025-08-19T04:14:00.955Z"}}, {"model": "apiapp.score", "pk": 114, "fields": {"player": null, "player_name": "Bob", "game": 3, "score": 177, "created_at": "2025-08-19T04:14:00.964Z"}}, {"model": "apiapp.score", "pk": 115, "fields": {"player": null, "player_name": "Carol", "game": 3, "score": 136, "created_at": "2025-08-19T04:14:00.971Z"}}, {"model": "apiapp.score", "pk": 116, "fields": {"player": null, "player_name": "Dave", "game": 3, "score": 298, "created_at": "2025-08-19T04:14:00.977Z"}}, {"model": "apiapp.score", "pk": 117, "fields": {"player": null, "player_name": "Eve", "game": 3, "score": 356, "created_at": "2025-08-19T04:14:00.983Z"}}, {"model": "apiapp.score", "pk": 118, "fields": {"player": null, "player_name": "Frank", "game": 3, "score": 314, "created_at": "2025-08-19T04:14:00.987Z"}}, {"model": "apiapp.score", "pk": 119, "fields": {"player": null, "player_name": "Grace", "game": 3, "score": 107, "created_at": "2025-08-19T04:14:00.991Z"}}, {"model": "apiapp.score", "pk": 120, "fields": {"player": null, "player_name": "Hank", "game": 3, "score": 388, "created_at": "2025-08-19T04:14:00.995Z"}}, {"model": "apiapp.score", "pk": 121, "fields": {"player": null, "player_name": "Ivy", "game": 3, "score": 158, "created_at": "2025-08-19T04:14:00.999Z"}}, {"model": "apiapp.score", "pk": 122, "fields": {"player": null, "player_name": "Jack", "game": 3, "score": 136, "created_at": "2025-08-19T04:14:01.003Z"}}, {"model": "apiapp.score", "pk": 123, "fields": {"player": null, "player_name": "Kathy", "game": 3, "score": 194, "created_at": "2025-08-19T04:14:01.006Z"}}, {"model": "apiapp.score", "pk": 124, "fields": {"player": null, "player_name": "Leo", "game": 3, "score": 98, "created_at": "2025-08-19T04:14:01.009Z"}}, {"model": "apiapp.score", "pk": 125, "fields": {"player": null, "player_name": "Mona", "game": 3, "score": 60, "created_at": "2025-08-19T04:14:01.013Z"}}, {"model": "apiapp.score", "pk": 126, "fields": {"player": null, "player_name": "Nate", "game": 3, "score": 301, "created_at": "2025-08-19T04:14:01.016Z"}}, {"model": "apiapp.score", "pk": 127, "fields": {"player": null, "player_name": "Olivia", "game": 3, "score": 241, "created_at": "2025-08-19T04:14:01.019Z"}}, {"model": "apiapp.score", "pk": 128, "fields": {"player": null, "player_name": "Paul", "game": 3, "score": 352, "created_at": "2025-08-19T04:14:01.025Z"}}, {"model": "apiapp.score", "pk": 129, "fields": {"player": null, "player_name": "Quinn", "game": 3, "score": 263, "created_at": "2025-08-19T04:14:01.029Z"}}, {"model": "apiapp.score", "pk": 130, "fields": {"player": null, "player_name": "Rachel", "game": 3, "score": 298, "created_at": "2025-08-19T04:14:01.033Z"}}, {"model": "apiapp.score", "pk": 131, "fields": {"player": null, "player_name": "Steve", "game": 3, "score": 127, "created_at": "2025-08-19T04:14:01.036Z"}}, {"model": "apiapp.score", "pk": 132, "fields": {"player": null, "player_name": "Tina", "game": 3, "score": 216, "created_at": "2025-08-19T04:14:01.041Z"}}, {"model": "apiapp.score", "pk": 133, "fields": {"player": null, "player_name": "Uma", "game": 3, "score": 331, "created_at": "2025-08-19T04:14:01.045Z"}}, {"model": "apiapp.score", "pk": 134, "fields": {"player": null, "player_name": "Victor", "game": 3, "score": 384, "created_at": "2025-08-19T04:14:01.049Z"}}, {"model": "apiapp.score", "pk": 135, "fields": {"player": null, "player_name": "Wendy", "game": 3, "score": 328, "created_at": "2025-08-19T04:14:01.052Z"}}, {"model": "apiapp.score", "pk": 136, "fields": {"player": null, "player_name": "Xander", "game": 3, "score": 62, "created_at": "2025-08-19T04:14:01.056Z"}}, {"model": "apiapp.score", "pk": 137, "fields": {"player": null, "player_name": "Yara", "game": 3, "score": 343, "created_at": "2025-08-19T04:14:01.060Z"}}, {"model": "apiapp.score", "pk": 138, "fields": {"player": null, "player_name": "Zane", "game": 3, "score": 220, "created_at": "2025-08-19T04:14:01.065Z"}}, {"model": "apiapp.score", "pk": 139, "fields": {"player": null, "player_name": "Aaron", "game": 3, "score": 129, "created_at": "2025-08-19T04:14:01.068Z"}}, {"model": "apiapp.score", "pk": 140, "fields": {"player": null, "player_name": "Bella", "game": 3, "score": 248, "created_at": "2025-08-19T04:14:01.073Z"}}, {"model": "apiapp.score", "pk": 141, "fields": {"player": null, "player_name": "Cody", "game": 3, "score": 347, "created_at": "2025-08-19T04:14:01.078Z"}}, {"model": "apiapp.score", "pk": 142, "fields": {"player": null, "player_name": "Diana", "game": 3, "score": 185, "created_at": "2025-08-19T04:14:01.083Z"}}, {"model": "apiapp.score", "pk": 143, "fields": {"player": null, "player_name": "Ethan", "game": 3, "score": 236, "created_at": "2025-08-19T04:14:01.087Z"}}, {"model": "apiapp.score", "pk": 144, "fields": {"player": null, "player_name": "Fiona", "game": 3, "score": 219, "created_at": "2025-08-19T04:14:01.093Z"}}, {"model": "apiapp.score", "pk": 145, "fields": {"player": null, "player_name": "George", "game": 3, "score": 102, "created_at": "2025-08-19T04:14:01.097Z"}}, {"model": "apiapp.score", "pk": 146, "fields": {"player": null, "player_name": "Hannah", "game": 3, "score": 261, "created_at": "2025-08-19T04:14:01.101Z"}}, {"model": "apiapp.score", "pk": 147, "fields": {"player": null, "player_name": "Ian", "game": 3, "score": 244, "created_at": "2025-08-19T04:14:01.106Z"}}, {"model": "apiapp.score", "pk": 148, "fields": {"player": null, "player_name": "Julia", "game": 3, "score": 304, "created_at": "2025-08-19T04:14:01.111Z"}}, {"model": "apiapp.score", "pk": 149, "fields": {"player": null, "player_name": "Kevin", "game": 3, "score": 117, "created_at": "2025-08-19T04:14:01.116Z"}}, {"model": "apiapp.score", "pk": 150, "fields": {"player": null, "player_name": "Laura", "game": 3, "score": 97, "created_at": "2025-08-19T04:14:01.119Z"}}, {"model": "apiapp.score", "pk": 151, "fields": {"player": null, "player_name": "Mike", "game": 3, "score": 308, "created_at": "2025-08-19T04:14:01.124Z"}}, {"model": "apiapp.score", "pk": 152, "fields": {"player": null, "player_name": "Nina", "game": 3, "score": 379, "created_at": "2025-08-19T04:14:01.128Z"}}, {"model": "apiapp.score", "pk": 153, "fields": {"player": null, "player_name": "Oscar", "game": 3, "score": 328, "created_at": "2025-08-19T04:14:01.132Z"}}, {"model": "apiapp.score", "pk": 154, "fields": {"player": null, "player_name": "Paula", "game": 3, "score": 366, "created_at": "2025-08-19T04:14:01.144Z"}}, {"model": "apiapp.score", "pk": 155, "fields": {"player": null, "player_name": "Quincy", "game": 3, "score": 81, "created_at": "2025-08-19T04:14:01.147Z"}}, {"model": "apiapp.score", "pk": 156, "fields": {"player": null, "player_name": "Rita", "game": 3, "score": 395, "created_at": "2025-08-19T04:14:01.150Z"}}, {"model": "apiapp.score", "pk": 157, "fields": {"player": null, "player_name": "Sam", "game": 3, "score": 335, "created_at": "2025-08-19T04:14:01.153Z"}}, {"model": "apiapp.score", "pk": 158, "fields": {"player": null, "player_name": "Tracy", "game": 3, "score": 307, "created_at": "2025-08-19T04:14:01.157Z"}}, {"model": "apiapp.score", "pk": 159, "fields": {"player": null, "player_name": "Ulysses", "game": 3, "score": 226, "created_at": "2025-08-19T04:14:01.161Z"}}, {"model": "apiapp.score", "pk": 160, "fields": {"player": null, "player_name": "Vera", "game": 3, "score": 235, "created_at": "2025-08-19T04:14:01.165Z"}}, {"model": "apiapp.score", "pk": 161, "fields": {"player": null, "player_name": "Will", "game": 3, "score": 357, "created_at": "2025-08-19T04:14:01.169Z"}}, {"model": "apiapp.score", "pk": 162, "fields": {"player": null, "player_name": "Yvonne", "game": 3, "score": 365, "created_at": "2025-08-19T04:14:01.172Z"}}, {"model": "apiapp.score", "pk": 163, "fields": {"player": null, "player_name": "Alice", "game": 4, "score": 275, "created_at": "2025-08-19T04:14:01.177Z"}}, {"model": "apiapp.score", "pk": 164, "fields": {"player": null, "player_name": "Bob", "game": 4, "score": 455, "created_at": "2025-08-19T04:14:01.181Z"}}, {"model": "apiapp.score", "pk": 165, "fields": {"player": null, "player_name": "Carol", "game": 4, "score": 320, "created_at": "2025-08-19T04:14:01.184Z"}}, {"model": "apiapp.score", "pk": 166, "fields": {"player": null, "player_name": "Dave", "game": 4, "score": 107, "created_at": "2025-08-19T04:14:01.188Z"}}, {"model": "apiapp.score", "pk": 167, "fields": {"player": null, "player_name": "Eve", "game": 4, "score": 580, "created_at": "2025-08-19T04:14:01.192Z"}}, {"model": "apiapp.score", "pk": 168, "fields": {"player": null, "player_name": "Frank", "game": 4, "score": 419, "created_at": "2025-08-19T04:14:01.196Z"}}, {"model": "apiapp.score", "pk": 169, "fields": {"player": null, "player_name": "Grace", "game": 4, "score": 315, "created_at": "2025-08-19T04:14:01.200Z"}}, {"model": "apiapp.score", "pk": 170, "fields": {"player": null, "player_name": "Hank", "game": 4, "score": 190, "created_at": "2025-08-19T04:14:01.204Z"}}, {"model": "apiapp.score", "pk": 171, "fields": {"player": null, "player_name": "Ivy", "game": 4, "score": 350, "created_at": "2025-08-19T04:14:01.208Z"}}, {"model": "apiapp.score", "pk": 172, "fields": {"player": null, "player_name": "Jack", "game": 4, "score": 337, "created_at": "2025-08-19T04:14:01.212Z"}}, {"model": "apiapp.score", "pk": 173, "fields": {"player": null, "player_name": "Kathy", "game": 4, "score": 563, "created_at": "2025-08-19T04:14:01.216Z"}}, {"model": "apiapp.score", "pk": 174, "fields": {"player": null, "player_name": "Leo", "game": 4, "score": 556, "created_at": "2025-08-19T04:14:01.223Z"}}, {"model": "apiapp.score", "pk": 175, "fields": {"player": null, "player_name": "Mona", "game": 4, "score": 180, "created_at": "2025-08-19T04:14:01.227Z"}}, {"model": "apiapp.score", "pk": 176, "fields": {"player": null, "player_name": "Nate", "game": 4, "score": 597, "created_at": "2025-08-19T04:14:01.231Z"}}, {"model": "apiapp.score", "pk": 177, "fields": {"player": null, "player_name": "Olivia", "game": 4, "score": 497, "created_at": "2025-08-19T04:14:01.236Z"}}, {"model": "apiapp.score", "pk": 178, "fields": {"player": null, "player_name": "Paul", "game": 4, "score": 231, "created_at": "2025-08-19T04:14:01.240Z"}}, {"model": "apiapp.score", "pk": 179, "fields": {"player": null, "player_name": "Quinn", "game": 4, "score": 346, "created_at": "2025-08-19T04:14:01.244Z"}}, {"model": "apiapp.score", "pk": 180, "fields": {"player": null, "player_name": "Rachel", "game": 4, "score": 232, "created_at": "2025-08-19T04:14:01.249Z"}}, {"model": "apiapp.score", "pk": 181, "fields": {"player": null, "player_name": "Steve", "game": 4, "score": 429, "created_at": "2025-08-19T04:14:01.253Z"}}, {"model": "apiapp.score", "pk": 182, "fields": {"player": null, "player_name": "Tina", "game": 4, "score": 172, "created_at": "2025-08-19T04:14:01.256Z"}}, {"model": "apiapp.score", "pk": 183, "fields": {"player": null, "player_name": "Uma", "game": 4, "score": 177, "created_at": "2025-08-19T04:14:01.260Z"}}, {"model": "apiapp.score", "pk": 184, "fields": {"player": null, "player_name": "Victor", "game": 4, "score": 136, "created_at": "2025-08-19T04:14:01.264Z"}}, {"model": "apiapp.score", "pk": 185, "fields": {"player": null, "player_name": "Wendy", "game": 4, "score": 574, "created_at": "2025-08-19T04:14:01.268Z"}}, {"model": "apiapp.score", "pk": 186, "fields": {"player": null, "player_name": "Xander", "game": 4, "score": 474, "created_at": "2025-08-19T04:14:01.273Z"}}, {"model": "apiapp.score", "pk": 187, "fields": {"player": null, "player_name": "Yara", "game": 4, "score": 412, "created_at": "2025-08-19T04:14:01.276Z"}}, {"model": "apiapp.score", "pk": 188, "fields": {"player": null, "player_name": "Zane", "game": 4, "score": 255, "created_at": "2025-08-19T04:14:01.280Z"}}, {"model": "apiapp.score", "pk": 189, "fields": {"player": null, "player_name": "Aaron", "game": 4, "score": 145, "created_at": "2025-08-19T04:14:01.284Z"}}, {"model": "apiapp.score", "pk": 190, "fields": {"player": null, "player_name": "Bella", "game": 4, "score": 367, "created_at": "2025-08-19T04:14:01.289Z"}}, {"model": "apiapp.score", "pk": 191, "fields": {"player": null, "player_name": "Cody", "game": 4, "score": 400, "created_at": "2025-08-19T04:14:01.293Z"}}, {"model": "apiapp.score", "pk": 192, "fields": {"player": null, "player_name": "Diana", "game": 4, "score": 380, "created_at": "2025-08-19T04:14:01.297Z"}}, {"model": "apiapp.score", "pk": 193, "fields": {"player": null, "player_name": "Ethan", "game": 4, "score": 258, "created_at": "2025-08-19T04:14:01.301Z"}}, {"model": "apiapp.score", "pk": 194, "fields": {"player": null, "player_name": "Fiona", "game": 4, "score": 248, "created_at": "2025-08-19T04:14:01.305Z"}}, {"model": "apiapp.score", "pk": 195, "fields": {"player": null, "player_name": "George", "game": 4, "score": 580, "created_at": "2025-08-19T04:14:01.309Z"}}, {"model": "apiapp.score", "pk": 196, "fields": {"player": null, "player_name": "Hannah", "game": 4, "score": 131, "created_at": "2025-08-19T04:14:01.313Z"}}, {"model": "apiapp.score", "pk": 197, "fields": {"player": null, "player_name": "Ian", "game": 4, "score": 449, "created_at": "2025-08-19T04:14:01.317Z"}}, {"model": "apiapp.score", "pk": 198, "fields": {"player": null, "player_name": "Julia", "game": 4, "score": 581, "created_at": "2025-08-19T04:14:01.320Z"}}, {"model": "apiapp.score", "pk": 199, "fields": {"player": null, "player_name": "Kevin", "game": 4, "score": 459, "created_at": "2025-08-19T04:14:01.324Z"}}, {"model": "apiapp.score", "pk": 200, "fields": {"player": null, "player_name": "Laura", "game": 4, "score": 297, "created_at": "2025-08-19T04:14:01.328Z"}}, {"model": "apiapp.score", "pk": 201, "fields": {"player": null, "player_name": "Mike", "game": 4, "score": 415, "created_at": "2025-08-19T04:14:01.332Z"}}, {"model": "apiapp.score", "pk": 202, "fields": {"player": null, "player_name": "Nina", "game": 4, "score": 521, "created_at": "2025-08-19T04:14:01.335Z"}}, {"model": "apiapp.score", "pk": 203, "fields": {"player": null, "player_name": "Oscar", "game": 4, "score": 308, "created_at": "2025-08-19T04:14:01.339Z"}}, {"model": "apiapp.score", "pk": 204, "fields": {"player": null, "player_name": "Paula", "game": 4, "score": 102, "created_at": "2025-08-19T04:14:01.343Z"}}, {"model": "apiapp.score", "pk": 205, "fields": {"player": null, "player_name": "Quincy", "game": 4, "score": 297, "created_at": "2025-08-19T04:14:01.347Z"}}, {"model": "apiapp.score", "pk": 206, "fields": {"player": null, "player_name": "Rita", "game": 4, "score": 235, "created_at": "2025-08-19T04:14:01.351Z"}}, {"model": "apiapp.score", "pk": 207, "fields": {"player": null, "player_name": "Sam", "game": 4, "score": 98, "created_at": "2025-08-19T04:14:01.354Z"}}, {"model": "apiapp.score", "pk": 208, "fields": {"player": null, "player_name": "Tracy", "game": 4, "score": 357, "created_at": "2025-08-19T04:14:01.358Z"}}, {"model": "apiapp.score", "pk": 209, "fields": {"player": null, "player_name": "Ulysses", "game": 4, "score": 288, "created_at": "2025-08-19T04:14:01.361Z"}}, {"model": "apiapp.score", "pk": 210, "fields": {"player": null, "player_name": "Vera", "game": 4, "score": 323, "created_at": "2025-08-19T04:14:01.365Z"}}, {"model": "apiapp.score", "pk": 211, "fields": {"player": null, "player_name": "Will", "game": 4, "score": 109, "created_at": "2025-08-19T04:14:01.369Z"}}, {"model": "apiapp.score", "pk": 212, "fields": {"player": null, "player_name": "Yvonne", "game": 4, "score": 462, "created_at": "2025-08-19T04:14:01.372Z"}}, {"model": "apiapp.score", "pk": 213, "fields": {"player": null, "player_name": "Alice", "game": 5, "score": 210, "created_at": "2025-08-19T04:14:01.378Z"}}, {"model": "apiapp.score", "pk": 214, "fields": {"player": null, "player_name": "Bob", "game": 5, "score": 190, "created_at": "2025-08-19T04:14:01.382Z"}}, {"model": "apiapp.score", "pk": 215, "fields": {"player": null, "player_name": "Carol", "game": 5, "score": 506, "created_at": "2025-08-19T04:14:01.385Z"}}, {"model": "apiapp.score", "pk": 216, "fields": {"player": null, "player_name": "Dave", "game": 5, "score": 403, "created_at": "2025-08-19T04:14:01.389Z"}}, {"model": "apiapp.score", "pk": 217, "fields": {"player": null, "player_name": "Eve", "game": 5, "score": 195, "created_at": "2025-08-19T04:14:01.393Z"}}, {"model": "apiapp.score", "pk": 218, "fields": {"player": null, "player_name": "Frank", "game": 5, "score": 424, "created_at": "2025-08-19T04:14:01.397Z"}}, {"model": "apiapp.score", "pk": 219, "fields": {"player": null, "player_name": "Grace", "game": 5, "score": 356, "created_at": "2025-08-19T04:14:01.401Z"}}, {"model": "apiapp.score", "pk": 220, "fields": {"player": null, "player_name": "Hank", "game": 5, "score": 521, "created_at": "2025-08-19T04:14:01.405Z"}}, {"model": "apiapp.score", "pk": 221, "fields": {"player": null, "player_name": "Ivy", "game": 5, "score": 108, "created_at": "2025-08-19T04:14:01.437Z"}}, {"model": "apiapp.score", "pk": 222, "fields": {"player": null, "player_name": "Jack", "game": 5, "score": 248, "created_at": "2025-08-19T04:14:01.445Z"}}, {"model": "apiapp.score", "pk": 223, "fields": {"player": null, "player_name": "Kathy", "game": 5, "score": 125, "created_at": "2025-08-19T04:14:01.450Z"}}, {"model": "apiapp.score", "pk": 224, "fields": {"player": null, "player_name": "Leo", "game": 5, "score": 247, "created_at": "2025-08-19T04:14:01.456Z"}}, {"model": "apiapp.score", "pk": 225, "fields": {"player": null, "player_name": "Mona", "game": 5, "score": 250, "created_at": "2025-08-19T04:14:01.461Z"}}, {"model": "apiapp.score", "pk": 226, "fields": {"player": null, "player_name": "Nate", "game": 5, "score": 289, "created_at": "2025-08-19T04:14:01.464Z"}}, {"model": "apiapp.score", "pk": 227, "fields": {"player": null, "player_name": "Olivia", "game": 5, "score": 440, "created_at": "2025-08-19T04:14:01.467Z"}}, {"model": "apiapp.score", "pk": 228, "fields": {"player": null, "player_name": "Paul", "game": 5, "score": 277, "created_at": "2025-08-19T04:14:01.470Z"}}, {"model": "apiapp.score", "pk": 229, "fields": {"player": null, "player_name": "Quinn", "game": 5, "score": 172, "created_at": "2025-08-19T04:14:01.473Z"}}, {"model": "apiapp.score", "pk": 230, "fields": {"player": null, "player_name": "Rachel", "game": 5, "score": 99, "created_at": "2025-08-19T04:14:01.477Z"}}, {"model": "apiapp.score", "pk": 231, "fields": {"player": null, "player_name": "Steve", "game": 5, "score": 506, "created_at": "2025-08-19T04:14:01.480Z"}}, {"model": "apiapp.score", "pk": 232, "fields": {"player": null, "player_name": "Tina", "game": 5, "score": 491, "created_at": "2025-08-19T04:14:01.484Z"}}, {"model": "apiapp.score", "pk": 233, "fields": {"player": null, "player_name": "Uma", "game": 5, "score": 175, "created_at": "2025-08-19T04:14:01.487Z"}}, {"model": "apiapp.score", "pk": 234, "fields": {"player": null, "player_name": "Victor", "game": 5, "score": 410, "created_at": "2025-08-19T04:14:01.491Z"}}, {"model": "apiapp.score", "pk": 235, "fields": {"player": null, "player_name": "Wendy", "game": 5, "score": 516, "created_at": "2025-08-19T04:14:01.495Z"}}, {"model": "apiapp.score", "pk": 236, "fields": {"player": null, "player_name": "Xander", "game": 5, "score": 512, "created_at": "2025-08-19T04:14:01.499Z"}}, {"model": "apiapp.score", "pk": 237, "fields": {"player": null, "player_name": "Yara", "game": 5, "score": 196, "created_at": "2025-08-19T04:14:01.505Z"}}, {"model": "apiapp.score", "pk": 238, "fields": {"player": null, "player_name": "Zane", "game": 5, "score": 518, "created_at": "2025-08-19T04:14:01.509Z"}}, {"model": "apiapp.score", "pk": 239, "fields": {"player": null, "player_name": "Aaron", "game": 5, "score": 504, "created_at": "2025-08-19T04:14:01.513Z"}}, {"model": "apiapp.score", "pk": 240, "fields": {"player": null, "player_name": "Bella", "game": 5, "score": 260, "created_at": "2025-08-19T04:14:01.517Z"}}, {"model": "apiapp.score", "pk": 241, "fields": {"player": null, "player_name": "Cody", "game": 5, "score": 539, "created_at": "2025-08-19T04:14:01.521Z"}}, {"model": "apiapp.score", "pk": 242, "fields": {"player": null, "player_name": "Diana", "game": 5, "score": 232, "created_at": "2025-08-19T04:14:01.525Z"}}, {"model": "apiapp.score", "pk": 243, "fields": {"player": null, "player_name": "Ethan", "game": 5, "score": 470, "created_at": "2025-08-19T04:14:01.529Z"}}, {"model": "apiapp.score", "pk": 244, "fields": {"player": null, "player_name": "Fiona", "game": 5, "score": 111, "created_at": "2025-08-19T04:14:01.533Z"}}, {"model": "apiapp.score", "pk": 245, "fields": {"player": null, "player_name": "George", "game": 5, "score": 292, "created_at": "2025-08-19T04:14:01.538Z"}}, {"model": "apiapp.score", "pk": 246, "fields": {"player": null, "player_name": "Hannah", "game": 5, "score": 489, "created_at": "2025-08-19T04:14:01.542Z"}}, {"model": "apiapp.score", "pk": 247, "fields": {"player": null, "player_name": "Ian", "game": 5, "score": 279, "created_at": "2025-08-19T04:14:01.546Z"}}, {"model": "apiapp.score", "pk": 248, "fields": {"player": null, "player_name": "Julia", "game": 5, "score": 274, "created_at": "2025-08-19T04:14:01.550Z"}}, {"model": "apiapp.score", "pk": 249, "fields": {"player": null, "player_name": "Kevin", "game": 5, "score": 240, "created_at": "2025-08-19T04:14:01.555Z"}}, {"model": "apiapp.score", "pk": 250, "fields": {"player": null, "player_name": "Laura", "game": 5, "score": 487, "created_at": "2025-08-19T04:14:01.570Z"}}, {"model": "apiapp.score", "pk": 251, "fields": {"player": null, "player_name": "Mike", "game": 5, "score": 443, "created_at": "2025-08-19T04:14:01.575Z"}}, {"model": "apiapp.score", "pk": 252, "fields": {"player": null, "player_name": "Nina", "game": 5, "score": 193, "created_at": "2025-08-19T04:14:01.579Z"}}, {"model": "apiapp.score", "pk": 253, "fields": {"player": null, "player_name": "Oscar", "game": 5, "score": 251, "created_at": "2025-08-19T04:14:01.583Z"}}, {"model": "apiapp.score", "pk": 254, "fields": {"player": null, "player_name": "Paula", "game": 5, "score": 436, "created_at": "2025-08-19T04:14:01.587Z"}}, {"model": "apiapp.score", "pk": 255, "fields": {"player": null, "player_name": "Quincy", "game": 5, "score": 123, "created_at": "2025-08-19T04:14:01.604Z"}}, {"model": "apiapp.score", "pk": 256, "fields": {"player": null, "player_name": "Rita", "game": 5, "score": 405, "created_at": "2025-08-19T04:14:01.612Z"}}, {"model": "apiapp.score", "pk": 257, "fields": {"player": null, "player_name": "Sam", "game": 5, "score": 282, "created_at": "2025-08-19T04:14:01.618Z"}}, {"model": "apiapp.score", "pk": 258, "fields": {"player": null, "player_name": "Tracy", "game": 5, "score": 132, "created_at": "2025-08-19T04:14:01.627Z"}}, {"model": "apiapp.score", "pk": 259, "fields": {"player": null, "player_name": "Ulysses", "game": 5, "score": 490, "created_at": "2025-08-19T04:14:01.632Z"}}, {"model": "apiapp.score", "pk": 260, "fields": {"player": null, "player_name": "Vera", "game": 5, "score": 275, "created_at": "2025-08-19T04:14:01.636Z"}}, {"model": "apiapp.score", "pk": 261, "fields": {"player": null, "player_name": "Will", "game": 5, "score": 212, "created_at": "2025-08-19T04:14:01.639Z"}}, {"model": "apiapp.score", "pk": 262, "fields": {"player": null, "player_name": "Yvonne", "game": 5, "score": 494, "created_at": "2025-08-19T04:14:01.645Z"}}, {"model": "apiapp.score", "pk": 263, "fields": {"player": null, "player_name": "Alice", "game": 10, "score": 175, "created_at": "2025-08-19T04:14:01.651Z"}}, {"model": "apiapp.score", "pk": 264, "fields": {"player": null, "player_name": "Bob", "game": 10, "score": 80, "created_at": "2025-08-19T04:14:01.655Z"}}, {"model": "apiapp.score", "pk": 265, "fields": {"player": null, "player_name": "Carol", "game": 10, "score": 208, "created_at": "2025-08-19T04:14:01.660Z"}}, {"model": "apiapp.score", "pk": 266, "fields": {"player": null, "player_name": "Dave", "game": 10, "score": 469, "created_at": "2025-08-19T04:14:01.665Z"}}, {"model": "apiapp.score", "pk": 267, "fields": {"player": null, "player_name": "Eve", "game": 10, "score": 391, "created_at": "2025-08-19T04:14:01.669Z"}}, {"model": "apiapp.score", "pk": 268, "fields": {"player": null, "player_name": "Frank", "game": 10, "score": 373, "created_at": "2025-08-19T04:14:01.674Z"}}, {"model": "apiapp.score", "pk": 269, "fields": {"player": null, "player_name": "Grace", "game": 10, "score": 364, "created_at": "2025-08-19T04:14:01.679Z"}}, {"model": "apiapp.score", "pk": 270, "fields": {"player": null, "player_name": "Hank", "game": 10, "score": 338, "created_at": "2025-08-19T04:14:01.683Z"}}, {"model": "apiapp.score", "pk": 271, "fields": {"player": null, "player_name": "Ivy", "game": 10, "score": 458, "created_at": "2025-08-19T04:14:01.687Z"}}, {"model": "apiapp.score", "pk": 272, "fields": {"player": null, "player_name": "Jack", "game": 10, "score": 123, "created_at": "2025-08-19T04:14:01.691Z"}}, {"model": "apiapp.score", "pk": 273, "fields": {"player": null, "player_name": "Kathy", "game": 10, "score": 95, "created_at": "2025-08-19T04:14:01.695Z"}}, {"model": "apiapp.score", "pk": 274, "fields": {"player": null, "player_name": "Leo", "game": 10, "score": 214, "created_at": "2025-08-19T04:14:01.700Z"}}, {"model": "apiapp.score", "pk": 275, "fields": {"player": null, "player_name": "Mona", "game": 10, "score": 97, "created_at": "2025-08-19T04:14:01.704Z"}}, {"model": "apiapp.score", "pk": 276, "fields": {"player": null, "player_name": "Nate", "game": 10, "score": 439, "created_at": "2025-08-19T04:14:01.709Z"}}, {"model": "apiapp.score", "pk": 277, "fields": {"player": null, "player_name": "Olivia", "game": 10, "score": 289, "created_at": "2025-08-19T04:14:01.712Z"}}, {"model": "apiapp.score", "pk": 278, "fields": {"player": null, "player_name": "Paul", "game": 10, "score": 431, "created_at": "2025-08-19T04:14:01.717Z"}}, {"model": "apiapp.score", "pk": 279, "fields": {"player": null, "player_name": "Quinn", "game": 10, "score": 250, "created_at": "2025-08-19T04:14:01.721Z"}}, {"model": "apiapp.score", "pk": 280, "fields": {"player": null, "player_name": "Rachel", "game": 10, "score": 170, "created_at": "2025-08-19T04:14:01.737Z"}}, {"model": "apiapp.score", "pk": 281, "fields": {"player": null, "player_name": "Steve", "game": 10, "score": 91, "created_at": "2025-08-19T04:14:01.741Z"}}, {"model": "apiapp.score", "pk": 282, "fields": {"player": null, "player_name": "Tina", "game": 10, "score": 306, "created_at": "2025-08-19T04:14:01.745Z"}}, {"model": "apiapp.score", "pk": 283, "fields": {"player": null, "player_name": "Uma", "game": 10, "score": 192, "created_at": "2025-08-19T04:14:01.749Z"}}, {"model": "apiapp.score", "pk": 284, "fields": {"player": null, "player_name": "Victor", "game": 10, "score": 262, "created_at": "2025-08-19T04:14:01.753Z"}}, {"model": "apiapp.score", "pk": 285, "fields": {"player": null, "player_name": "Wendy", "game": 10, "score": 271, "created_at": "2025-08-19T04:14:01.757Z"}}, {"model": "apiapp.score", "pk": 286, "fields": {"player": null, "player_name": "Xander", "game": 10, "score": 185, "created_at": "2025-08-19T04:14:01.761Z"}}, {"model": "apiapp.score", "pk": 287, "fields": {"player": null, "player_name": "Yara", "game": 10, "score": 276, "created_at": "2025-08-19T04:14:01.765Z"}}, {"model": "apiapp.score", "pk": 288, "fields": {"player": null, "player_name": "Zane", "game": 10, "score": 318, "created_at": "2025-08-19T04:14:01.769Z"}}, {"model": "apiapp.score", "pk": 289, "fields": {"player": null, "player_name": "Aaron", "game": 10, "score": 268, "created_at": "2025-08-19T04:14:01.773Z"}}, {"model": "apiapp.score", "pk": 290, "fields": {"player": null, "player_name": "Bella", "game": 10, "score": 421, "created_at": "2025-08-19T04:14:01.777Z"}}, {"model": "apiapp.score", "pk": 291, "fields": {"player": null, "player_name": "Cody", "game": 10, "score": 466, "created_at": "2025-08-19T04:14:01.781Z"}}, {"model": "apiapp.score", "pk": 292, "fields": {"player": null, "player_name": "Diana", "game": 10, "score": 157, "created_at": "2025-08-19T04:14:01.785Z"}}, {"model": "apiapp.score", "pk": 293, "fields": {"player": null, "player_name": "Ethan", "game": 10, "score": 392, "created_at": "2025-08-19T04:14:01.789Z"}}, {"model": "apiapp.score", "pk": 294, "fields": {"player": null, "player_name": "Fiona", "game": 10, "score": 67, "created_at": "2025-08-19T04:14:01.793Z"}}, {"model": "apiapp.score", "pk": 295, "fields": {"player": null, "player_name": "George", "game": 10, "score": 379, "created_at": "2025-08-19T04:14:01.798Z"}}, {"model": "apiapp.score", "pk": 296, "fields": {"player": null, "player_name": "Hannah", "game": 10, "score": 85, "created_at": "2025-08-19T04:14:01.802Z"}}, {"model": "apiapp.score", "pk": 297, "fields": {"player": null, "player_name": "Ian", "game": 10, "score": 472, "created_at": "2025-08-19T04:14:01.806Z"}}, {"model": "apiapp.score", "pk": 298, "fields": {"player": null, "player_name": "Julia", "game": 10, "score": 197, "created_at": "2025-08-19T04:14:01.810Z"}}, {"model": "apiapp.score", "pk": 299, "fields": {"player": null, "player_name": "Kevin", "game": 10, "score": 362, "created_at": "2025-08-19T04:14:01.815Z"}}, {"model": "apiapp.score", "pk": 300, "fields": {"player": null, "player_name": "Laura", "game": 10, "score": 154, "created_at": "2025-08-19T04:14:01.819Z"}}, {"model": "apiapp.score", "pk": 301, "fields": {"player": null, "player_name": "Mike", "game": 10, "score": 179, "created_at": "2025-08-19T04:14:01.823Z"}}, {"model": "apiapp.score", "pk": 302, "fields": {"player": null, "player_name": "Nina", "game": 10, "score": 180, "created_at": "2025-08-19T04:14:01.827Z"}}, {"model": "apiapp.score", "pk": 303, "fields": {"player": null, "player_name": "Oscar", "game": 10, "score": 432, "created_at": "2025-08-19T04:14:01.831Z"}}, {"model": "apiapp.score", "pk": 304, "fields": {"player": null, "player_name": "Paula", "game": 10, "score": 186, "created_at": "2025-08-19T04:14:01.843Z"}}, {"model": "apiapp.score", "pk": 305, "fields": {"player": null, "player_name": "Quincy", "game": 10, "score": 145, "created_at": "2025-08-19T04:14:01.847Z"}}, {"model": "apiapp.score", "pk": 306, "fields": {"player": null, "player_name": "Rita", "game": 10, "score": 339, "created_at": "2025-08-19T04:14:01.852Z"}}, {"model": "apiapp.score", "pk": 307, "fields": {"player": null, "player_name": "Sam", "game": 10, "score": 449, "created_at": "2025-08-19T04:14:01.857Z"}}, {"model": "apiapp.score", "pk": 308, "fields": {"player": null, "player_name": "Tracy", "game": 10, "score": 405, "created_at": "2025-08-19T04:14:01.862Z"}}, {"model": "apiapp.score", "pk": 309, "fields": {"player": null, "player_name": "Ulysses", "game": 10, "score": 407, "created_at": "2025-08-19T04:14:01.867Z"}}, {"model": "apiapp.score", "pk": 310, "fields": {"player": null, "player_name": "Vera", "game": 10, "score": 417, "created_at": "2025-08-19T04:14:01.871Z"}}, {"model": "apiapp.score", "pk": 311, "fields": {"player": null, "player_name": "Will", "game": 10, "score": 329, "created_at": "2025-08-19T04:14:01.876Z"}}, {"model": "apiapp.score", "pk": 312, "fields": {"player": null, "player_name": "Yvonne", "game": 10, "score": 414, "created_at": "2025-08-19T04:14:01.887Z"}}, {"model": "apiapp.score", "pk": 313, "fields": {"player": null, "player_name": "Alice", "game": 11, "score": 73, "created_at": "2025-08-19T04:14:01.894Z"}}, {"model": "apiapp.score", "pk": 314, "fields": {"player": null, "player_name": "Bob", "game": 11, "score": 399, "created_at": "2025-08-19T04:14:01.899Z"}}, {"model": "apiapp.score", "pk": 315, "fields": {"player": null, "player_name": "Carol", "game": 11, "score": 234, "created_at": "2025-08-19T04:14:01.905Z"}}, {"model": "apiapp.score", "pk": 316, "fields": {"player": null, "player_name": "Dave", "game": 11, "score": 74, "created_at": "2025-08-19T04:14:01.910Z"}}, {"model": "apiapp.score", "pk": 317, "fields": {"player": null, "player_name": "Eve", "game": 11, "score": 85, "created_at": "2025-08-19T04:14:01.914Z"}}, {"model": "apiapp.score", "pk": 318, "fields": {"player": null, "player_name": "Frank", "game": 11, "score": 472, "created_at": "2025-08-19T04:14:01.919Z"}}, {"model": "apiapp.score", "pk": 319, "fields": {"player": null, "player_name": "Grace", "game": 11, "score": 340, "created_at": "2025-08-19T04:14:01.923Z"}}, {"model": "apiapp.score", "pk": 320, "fields": {"player": null, "player_name": "Hank", "game": 11, "score": 387, "created_at": "2025-08-19T04:14:01.927Z"}}, {"model": "apiapp.score", "pk": 321, "fields": {"player": null, "player_name": "Ivy", "game": 11, "score": 455, "created_at": "2025-08-19T04:14:01.933Z"}}, {"model": "apiapp.score", "pk": 322, "fields": {"player": null, "player_name": "Jack", "game": 11, "score": 410, "created_at": "2025-08-19T04:14:01.936Z"}}, {"model": "apiapp.score", "pk": 323, "fields": {"player": null, "player_name": "Kathy", "game": 11, "score": 345, "created_at": "2025-08-19T04:14:01.941Z"}}, {"model": "apiapp.score", "pk": 324, "fields": {"player": null, "player_name": "Leo", "game": 11, "score": 433, "created_at": "2025-08-19T04:14:01.945Z"}}, {"model": "apiapp.score", "pk": 325, "fields": {"player": null, "player_name": "Mona", "game": 11, "score": 155, "created_at": "2025-08-19T04:14:01.950Z"}}, {"model": "apiapp.score", "pk": 326, "fields": {"player": null, "player_name": "Nate", "game": 11, "score": 442, "created_at": "2025-08-19T04:14:01.955Z"}}, {"model": "apiapp.score", "pk": 327, "fields": {"player": null, "player_name": "Olivia", "game": 11, "score": 215, "created_at": "2025-08-19T04:14:01.961Z"}}, {"model": "apiapp.score", "pk": 328, "fields": {"player": null, "player_name": "Paul", "game": 11, "score": 169, "created_at": "2025-08-19T04:14:01.965Z"}}, {"model": "apiapp.score", "pk": 329, "fields": {"player": null, "player_name": "Quinn", "game": 11, "score": 322, "created_at": "2025-08-19T04:14:01.970Z"}}, {"model": "apiapp.score", "pk": 330, "fields": {"player": null, "player_name": "Rachel", "game": 11, "score": 465, "created_at": "2025-08-19T04:14:01.974Z"}}, {"model": "apiapp.score", "pk": 331, "fields": {"player": null, "player_name": "Steve", "game": 11, "score": 115, "created_at": "2025-08-19T04:14:01.978Z"}}, {"model": "apiapp.score", "pk": 332, "fields": {"player": null, "player_name": "Tina", "game": 11, "score": 475, "created_at": "2025-08-19T04:14:01.984Z"}}, {"model": "apiapp.score", "pk": 333, "fields": {"player": null, "player_name": "Uma", "game": 11, "score": 266, "created_at": "2025-08-19T04:14:01.989Z"}}, {"model": "apiapp.score", "pk": 334, "fields": {"player": null, "player_name": "Victor", "game": 11, "score": 330, "created_at": "2025-08-19T04:14:01.993Z"}}, {"model": "apiapp.score", "pk": 335, "fields": {"player": null, "player_name": "Wendy", "game": 11, "score": 463, "created_at": "2025-08-19T04:14:01.997Z"}}, {"model": "apiapp.score", "pk": 336, "fields": {"player": null, "player_name": "Xander", "game": 11, "score": 93, "created_at": "2025-08-19T04:14:02.002Z"}}, {"model": "apiapp.score", "pk": 337, "fields": {"player": null, "player_name": "Yara", "game": 11, "score": 139, "created_at": "2025-08-19T04:14:02.007Z"}}, {"model": "apiapp.score", "pk": 338, "fields": {"player": null, "player_name": "Zane", "game": 11, "score": 287, "created_at": "2025-08-19T04:14:02.012Z"}}, {"model": "apiapp.score", "pk": 339, "fields": {"player": null, "player_name": "Aaron", "game": 11, "score": 411, "created_at": "2025-08-19T04:14:02.023Z"}}, {"model": "apiapp.score", "pk": 340, "fields": {"player": null, "player_name": "Bella", "game": 11, "score": 339, "created_at": "2025-08-19T04:14:02.028Z"}}, {"model": "apiapp.score", "pk": 341, "fields": {"player": null, "player_name": "Cody", "game": 11, "score": 363, "created_at": "2025-08-19T04:14:02.032Z"}}, {"model": "apiapp.score", "pk": 342, "fields": {"player": null, "player_name": "Diana", "game": 11, "score": 56, "created_at": "2025-08-19T04:14:02.037Z"}}, {"model": "apiapp.score", "pk": 343, "fields": {"player": null, "player_name": "Ethan", "game": 11, "score": 366, "created_at": "2025-08-19T04:14:02.043Z"}}, {"model": "apiapp.score", "pk": 344, "fields": {"player": null, "player_name": "Fiona", "game": 11, "score": 93, "created_at": "2025-08-19T04:14:02.047Z"}}, {"model": "apiapp.score", "pk": 345, "fields": {"player": null, "player_name": "George", "game": 11, "score": 302, "created_at": "2025-08-19T04:14:02.052Z"}}, {"model": "apiapp.score", "pk": 346, "fields": {"player": null, "player_name": "Hannah", "game": 11, "score": 467, "created_at": "2025-08-19T04:14:02.058Z"}}, {"model": "apiapp.score", "pk": 347, "fields": {"player": null, "player_name": "Ian", "game": 11, "score": 100, "created_at": "2025-08-19T04:14:02.062Z"}}, {"model": "apiapp.score", "pk": 348, "fields": {"player": null, "player_name": "Julia", "game": 11, "score": 430, "created_at": "2025-08-19T04:14:02.066Z"}}, {"model": "apiapp.score", "pk": 349, "fields": {"player": null, "player_name": "Kevin", "game": 11, "score": 373, "created_at": "2025-08-19T04:14:02.071Z"}}, {"model": "apiapp.score", "pk": 350, "fields": {"player": null, "player_name": "Laura", "game": 11, "score": 74, "created_at": "2025-08-19T04:14:02.077Z"}}, {"model": "apiapp.score", "pk": 351, "fields": {"player": null, "player_name": "Mike", "game": 11, "score": 418, "created_at": "2025-08-19T04:14:02.082Z"}}, {"model": "apiapp.score", "pk": 352, "fields": {"player": null, "player_name": "Nina", "game": 11, "score": 232, "created_at": "2025-08-19T04:14:02.086Z"}}, {"model": "apiapp.score", "pk": 353, "fields": {"player": null, "player_name": "Oscar", "game": 11, "score": 82, "created_at": "2025-08-19T04:14:02.092Z"}}, {"model": "apiapp.score", "pk": 354, "fields": {"player": null, "player_name": "Paula", "game": 11, "score": 98, "created_at": "2025-08-19T04:14:02.097Z"}}, {"model": "apiapp.score", "pk": 355, "fields": {"player": null, "player_name": "Quincy", "game": 11, "score": 388, "created_at": "2025-08-19T04:14:02.101Z"}}, {"model": "apiapp.score", "pk": 356, "fields": {"player": null, "player_name": "Rita", "game": 11, "score": 112, "created_at": "2025-08-19T04:14:02.105Z"}}, {"model": "apiapp.score", "pk": 357, "fields": {"player": null, "player_name": "Sam", "game": 11, "score": 358, "created_at": "2025-08-19T04:14:02.110Z"}}, {"model": "apiapp.score", "pk": 358, "fields": {"player": null, "player_name": "Tracy", "game": 11, "score": 286, "created_at": "2025-08-19T04:14:02.114Z"}}, {"model": "apiapp.score", "pk": 359, "fields": {"player": null, "player_name": "Ulysses", "game": 11, "score": 279, "created_at": "2025-08-19T04:14:02.119Z"}}, {"model": "apiapp.score", "pk": 360, "fields": {"player": null, "player_name": "Vera", "game": 11, "score": 100, "created_at": "2025-08-19T04:14:02.123Z"}}, {"model": "apiapp.score", "pk": 361, "fields": {"player": null, "player_name": "Will", "game": 11, "score": 208, "created_at": "2025-08-19T04:14:02.128Z"}}, {"model": "apiapp.score", "pk": 362, "fields": {"player": null, "player_name": "Yvonne", "game": 11, "score": 241, "created_at": "2025-08-19T04:14:02.132Z"}}, {"model": "token_blacklist.outstandingtoken", "pk": 1, "fields": {"user": ["admin"], "jti": "d1a7bb77169c4b7ca473f5d5d2bdfa6a", "token": "eyJhbGciOiJIUzI1NiIsInR5cCI6IkpXVCJ9.eyJ0b2tlbl90eXBlIjoicmVmcmVzaCIsImV4cCI6MTc1NTIzNDQ0NSwiaWF0IjoxNzU1MTQ4MDQ1LCJqdGkiOiJkMWE3YmI3NzE2OWM0YjdjYTQ3M2Y1ZDVkMmJkZmE2YSIsInVzZXJfaWQiOiIyIn0.yHXBvsjP4xruj6xgx8xi0VQdQ-bIHh6Frx0hlq8jfbA", "created_at": "2025-08-14T05:07:25.437Z", "expires_at": "2025-08-15T05:07:25Z"}}, {"model": "token_blacklist.outstandingtoken", "pk": 2, "fields": {"user": ["admin"], "jti": "184b25cc1c3843b3aa456337bce9561b", "token": "eyJhbGciOiJIUzI1NiIsInR5cCI6IkpXVCJ9.eyJ0b2tlbl90eXBlIjoicmVmcmVzaCIsImV4cCI6MTc1NTQzMzU5OCwiaWF0IjoxNzU1MzQ3MTk4LCJqdGkiOiIxODRiMjVjYzFjMzg0M2IzYWE0NTYzMzdiY2U5NTYxYiIsInVzZXJfaWQiOiIyIn0.bN2oQoCBbmcVBvBOrNW-PdhDx_ffbkDQ1SuUbapSjOU", "created_at": "2025-08-16T12:26:38.211Z", "expires_at": "2025-08-17T12:26:38Z"}}, {"model": "token_blacklist.outstandingtoken", "pk": 3, "fields": {"user": ["admin"], "jti": "8e279cbf9ec04e1a86847e6c23d9b30e", "token": "eyJhbGciOiJIUzI1NiIsInR5cCI6IkpXVCJ9.eyJ0b2tlbl90eXBlIjoicmVmcmVzaCIsImV4cCI6MTc1NTQzNDI2MSwiaWF0IjoxNzU1MzQ3ODYxLCJqdGkiOiI4ZTI3OWNiZjllYzA0ZTFhODY4NDdlNmMyM2Q5YjMwZSIsInVzZXJfaWQiOiIyIn0.xntTaYpBsVqduTD_sRd6USPY2Zmyio8WMmv_sMJaiXA", "created_at": "2025-08-16T12:37:41.270Z", "expires_at": "2025-08-17T12:37:41Z"}}, {"model": "token_blacklist.outstandingtoken", "pk": 4, "fields": {"user": ["Battle"], "jti": "9dd2f2091bfc44ebad359bcf8b551a9b", "token": "eyJhbGciOiJIUzI1NiIsInR5cCI6IkpXVCJ9.eyJ0b2tlbl90eXBlIjoicmVmcmVzaCIsImV4cCI6MTc1NTQzNDMxMiwiaWF0IjoxNzU1MzQ3OTEyLCJqdGkiOiI5ZGQyZjIwOTFiZmM0NGViYWQzNTliY2Y4YjU1MWE5YiIsInVzZXJfaWQiOiI4In0.xQG9JkaMNbfLvRvdSl19EYoxD9XfSBQftwPBmgfoDaw", "created_at": "2025-08-16T12:38:32.123Z", "expires_at": "2025-08-17T12:38:32Z"}}, {"model": "token_blacklist.outstandingtoken", "pk": 5, "fields": {"user": ["Battle"], "jti": "baffa35cea6e486a9896b6a0f4ec213c", "token": "eyJhbGciOiJIUzI1NiIsInR5cCI6IkpXVCJ9.eyJ0b2tlbl90eXBlIjoicmVmcmVzaCIsImV4cCI6MTc1NTQzODgyNCwiaWF0IjoxNzU1MzUyNDI0LCJqdGkiOiJiYWZmYTM1Y2VhNmU0ODZhOTg5NmI2YTBmNGVjMjEzYyIsInVzZXJfaWQiOiI4In0.S46iNzVMSpaPBpSRH8P0xM2yU6sRiIkQSN5_wao6VLI", "created_at": "2025-08-16T13:53:44.572Z", "expires_at": "2025-08-17T13:53:44Z"}}, {"model": "token_blacklist.outstandingtoken", "pk": 6, "fields": {"user": ["admin"], "jti": "0cbffe2facdf4da3b171c03b1c0d225b", "token": "eyJhbGciOiJIUzI1NiIsInR5cCI6IkpXVCJ9.eyJ0b2tlbl90eXBlIjoicmVmcmVzaCIsImV4cCI6MTc1NTQ0MTI0MCwiaWF0IjoxNzU1MzU0ODQwLCJqdGkiOiIwY2JmZmUyZmFjZGY0ZGEzYjE3MWMwM2IxYzBkMjI1YiIsInVzZXJfaWQiOiIyIn0.WV3Y8y77xt6EVWOdglthnIZBOz4_Ug59ujcAQ5aNo_g", "created_at": "2025-08-16T14:34:00.405Z", "expires_at": "2025-08-17T14:34:00Z"}}, {"model": "token_blacklist.outstandingtoken", "pk": 7, "fields": {"user": ["Battle"], "jti": "fe84ae98e1654122b0c9cc179c409240", "token": "eyJhbGciOiJIUzI1NiIsInR5cCI6IkpXVCJ9.eyJ0b2tlbl90eXBlIjoicmVmcmVzaCIsImV4cCI6MTc1NTQ0MTU1NiwiaWF0IjoxNzU1MzU1MTU2LCJqdGkiOiJmZTg0YWU5OGUxNjU0MTIyYjBjOWNjMTc5YzQwOTI0MCIsInVzZXJfaWQiOiI4In0.7SL1AIPvJsZPseLwnUD3nlUbake7Ma_YaQt5j0lhGGk", "created_at": "2025-08-16T14:39:16.541Z", "expires_at": "2025-08-17T14:39:16Z"}}, {"model": "token_blacklist.outstandingtoken", "pk": 8, "fields": {"user": ["Battle"], "jti": "01bc923fbc894de8a940147c26b7347d", "token": "eyJhbGciOiJIUzI1NiIsInR5cCI6IkpXVCJ9.eyJ0b2tlbl90eXBlIjoicmVmcmVzaCIsImV4cCI6MTc1NTQ0MjIyOSwiaWF0IjoxNzU1MzU1ODI5LCJqdGkiOiIwMWJjOTIzZmJjODk0ZGU4YTk0MDE0N2MyNmI3MzQ3ZCIsInVzZXJfaWQiOiI4In0.Q_Snst-0zOoz3SNTN-86FxSE9OKJHUpopf_JREyqd2Y", "created_at": "2025-08-16T14:50:29.588Z", "expires_at": "2025-08-17T14:50:29Z"}}, {"model": "token_blacklist.outstandingtoken", "pk": 9, "fields": {"user": ["admin"], "jti": "1a69d30fa6fc49a88b415947e3c574ab", "token": "eyJhbGciOiJIUzI1NiIsInR5cCI6IkpXVCJ9.eyJ0b2tlbl90eXBlIjoicmVmcmVzaCIsImV4cCI6MTc1NTU2OTk3MywiaWF0IjoxNzU1NDgzNTczLCJqdGkiOiIxYTY5ZDMwZmE2ZmM0OWE4OGI0MTU5NDdlM2M1NzRhYiIsInVzZXJfaWQiOiIyIn0.zEXuUu7uyrt4yv2ZI2O7mIZj_TGr1SsZZ4wXdPDlCRk", "created_at": "2025-08-18T02:19:33.164Z", "expires_at": "2025-08-19T02:19:33Z"}}, {"model": "token_blacklist.outstandingtoken", "pk": 10, "fields": {"user": ["admin"], "jti": "d7265c32c452451dafe2ac8f4130224a", "token": "eyJhbGciOiJIUzI1NiIsInR5cCI6IkpXVCJ9.eyJ0b2tlbl90eXBlIjoicmVmcmVzaCIsImV4cCI6MTc1NTU3MDA3MiwiaWF0IjoxNzU1NDgzNjcyLCJqdGkiOiJkNzI2NWMzMmM0NTI0NTFkYWZlMmFjOGY0MTMwMjI0YSIsInVzZXJfaWQiOiIyIn0.md8G9B71uE2LSdOUtJ9UZCZj_XI2pOyPShxzxNek-W4", "created_at": "2025-08-18T02:21:12.158Z", "expires_at": "2025-08-19T02:21:12Z"}}, {"model": "token_blacklist.outstandingtoken", "pk": 11, "fields": {"user": ["admin"], "jti": "a841864da0614f899f72d821531e4d28", "token": "eyJhbGciOiJIUzI1NiIsInR5cCI6IkpXVCJ9.eyJ0b2tlbl90eXBlIjoicmVmcmVzaCIsImV4cCI6MTc1NTU3MjEwOSwiaWF0IjoxNzU1NDg1NzA5LCJqdGkiOiJhODQxODY0ZGEwNjE0Zjg5OWY3MmQ4MjE1MzFlNGQyOCIsInVzZXJfaWQiOiIyIn0.2u-IVeXdQxOredhxsDL3yj2fk1AMJsPxXjQHuuhTpOE", "created_at": "2025-08-18T02:55:09.199Z", "expires_at": "2025-08-19T02:55:09Z"}}, {"model": "token_blacklist.outstandingtoken", "pk": 12, "fields": {"user": ["admin"], "jti": "2610988541b84f4a829b72bdc182b091", "token": "eyJhbGciOiJIUzI1NiIsInR5cCI6IkpXVCJ9.eyJ0b2tlbl90eXBlIjoicmVmcmVzaCIsImV4cCI6MTc1NTU3Nzg4MSwiaWF0IjoxNzU1NDkxNDgxLCJqdGkiOiIyNjEwOTg4NTQxYjg0ZjRhODI5YjcyYmRjMTgyYjA5MSIsInVzZXJfaWQiOiIyIn0.3nGOV0vsbfjQdnuZ01qzbV6Y_bmLYAMsHDexWoxkv-I", "created_at": "2025-08-18T04:31:21.008Z", "expires_at": "2025-08-19T04:31:21Z"}}, {"model": "token_blacklist.outstandingtoken", "pk": 13, "fields": {"user": ["admin"], "jti": "d1316208744d4ba9ae879afb1b338a0b", "token": "eyJhbGciOiJIUzI1NiIsInR5cCI6IkpXVCJ9.eyJ0b2tlbl90eXBlIjoicmVmcmVzaCIsImV4cCI6MTc1NTU3ODYxNiwiaWF0IjoxNzU1NDkyMjE2LCJqdGkiOiJkMTMxNjIwODc0NGQ0YmE5YWU4NzlhZmIxYjMzOGEwYiIsInVzZXJfaWQiOiIyIn0.XsxfAK5sQoNZPetIfE8J8v5U3ZdCmw90ovlr51AfTAU", "created_at": "2025-08-18T04:43:36.264Z", "expires_at": "2025-08-19T04:43:36Z"}}, {"model": "token_blacklist.outstandingtoken", "pk": 14, "fields": {"user": ["admin"], "jti": "a8035ea73a2f438783830a237b2488da", "token": "eyJhbGciOiJIUzI1NiIsInR5cCI6IkpXVCJ9.eyJ0b2tlbl90eXBlIjoicmVmcmVzaCIsImV4cCI6MTc1NTU3OTI0NiwiaWF0IjoxNzU1NDkyODQ2LCJqdGkiOiJhODAzNWVhNzNhMmY0Mzg3ODM4MzBhMjM3YjI0ODhkYSIsInVzZXJfaWQiOiIyIn0.Jh7nKO7ubUgIbA81ekAU8pZw201-XWz9ykZR6PhU1Xg", "created_at": "2025-08-18T04:54:06.421Z", "expires_at": "2025-08-19T04:54:06Z"}}, {"model": "token_blacklist.outstandingtoken", "pk": 15, "fields": {"user": ["admin"], "jti": "35cfe426c3fe4ee3bd97dbc69dc21c40", "token": "eyJhbGciOiJIUzI1NiIsInR5cCI6IkpXVCJ9.eyJ0b2tlbl90eXBlIjoicmVmcmVzaCIsImV4cCI6MTc1NTYwODE3OSwiaWF0IjoxNzU1NTIxNzc5LCJqdGkiOiIzNWNmZTQyNmMzZmU0ZWUzYmQ5N2RiYzY5ZGMyMWM0MCIsInVzZXJfaWQiOiIyIn0.l21N4MrM12Kjr1hqYeRoIYjerg48lA5Qo2xFh-G55hM", "created_at": "2025-08-18T12:56:19.654Z", "expires_at": "2025-08-19T12:56:19Z"}}, {"model": "token_blacklist.outstandingtoken", "pk": 16, "fields": {"user": ["admin"], "jti": "deb8f95d485040df99fe58c6805cd8d8", "token": "eyJhbGciOiJIUzI1NiIsInR5cCI6IkpXVCJ9.eyJ0b2tlbl90eXBlIjoicmVmcmVzaCIsImV4cCI6MTc1NTYwODE4MiwiaWF0IjoxNzU1NTIxNzgyLCJqdGkiOiJkZWI4Zjk1ZDQ4NTA0MGRmOTlmZTU4YzY4MDVjZDhkOCIsInVzZXJfaWQiOiIyIn0.j0Z_upHd8CiERc6TilYS5hqWCoi12Ab5Yf8CaPjD8H8", "created_at": "2025-08-18T12:56:22.670Z", "expires_at": "2025-08-19T12:56:22Z"}}, {"model": "token_blacklist.outstandingtoken", "pk": 17, "fields": {"user": ["admin"], "jti": "cc316c10fb2946ab9d8fe52c5561c164", "token": "eyJhbGciOiJIUzI1NiIsInR5cCI6IkpXVCJ9.eyJ0b2tlbl90eXBlIjoicmVmcmVzaCIsImV4cCI6MTc1NTYwODIxMiwiaWF0IjoxNzU1NTIxODEyLCJqdGkiOiJjYzMxNmMxMGZiMjk0NmFiOWQ4ZmU1MmM1NTYxYzE2NCIsInVzZXJfaWQiOiIyIn0.JszmADDM9NL0aEHR9F_cdwodnEV-4ymPQBUnJiFzAtU", "created_at": "2025-08-18T12:56:52.401Z", "expires_at": "2025-08-19T12:56:52Z"}}, {"model": "token_blacklist.outstandingtoken", "pk": 18, "fields": {"user": ["admin"], "jti": "fa06380478984ec49960afde2b314d42", "token": "eyJhbGciOiJIUzI1NiIsInR5cCI6IkpXVCJ9.eyJ0b2tlbl90eXBlIjoicmVmcmVzaCIsImV4cCI6MTc1NTYwODUxNiwiaWF0IjoxNzU1NTIyMTE2LCJqdGkiOiJmYTA2MzgwNDc4OTg0ZWM0OTk2MGFmZGUyYjMxNGQ0MiIsInVzZXJfaWQiOiIyIn0.vu71tfj1nxTZlM6F6U0u_st4lHJg2347QhsNHSfKS0s", "created_at": "2025-08-18T13:01:56.862Z", "expires_at": "2025-08-19T13:01:56Z"}}, {"model": "token_blacklist.outstandingtoken", "pk": 19, "fields": {"user": ["honda"], "jti": "e12db413e11347cc8e5977098d68a18e", "token": "eyJhbGciOiJIUzI1NiIsInR5cCI6IkpXVCJ9.eyJ0b2tlbl90eXBlIjoicmVmcmVzaCIsImV4cCI6MTc1NTYwODY0MiwiaWF0IjoxNzU1NTIyMjQyLCJqdGkiOiJlMTJkYjQxM2UxMTM0N2NjOGU1OTc3MDk4ZDY4YTE4ZSIsInVzZXJfaWQiOiI5In0.Do61fpkO_mvfYfzeGpmY-fsqGqO7YLm03s5mJJUk1iQ", "created_at": "2025-08-18T13:04:02.059Z", "expires_at": "2025-08-19T13:04:02Z"}}, {"model": "token_blacklist.outstandingtoken", "pk": 20, "fields": {"user": ["admin"], "jti": "0f8cb9bdc96f414eac1cba629a18c068", "token": "eyJhbGciOiJIUzI1NiIsInR5cCI6IkpXVCJ9.eyJ0b2tlbl90eXBlIjoicmVmcmVzaCIsImV4cCI6MTc1NTYwOTMwOSwiaWF0IjoxNzU1NTIyOTA5LCJqdGkiOiIwZjhjYjliZGM5NmY0MTRlYWMxY2JhNjI5YTE4YzA2OCIsInVzZXJfaWQiOiIyIn0.f253gJrWW8sneQMg6fGG3rSC2AVRiXaZhZbyYUOWBRM", "created_at": "2025-08-18T13:15:09.663Z", "expires_at": "2025-08-19T13:15:09Z"}}, {"model": "token_blacklist.outstandingtoken", "pk": 21, "fields": {"user": ["admin"], "jti": "d4ee7987c40a438691de4def90f862da", "token": "eyJhbGciOiJIUzI1NiIsInR5cCI6IkpXVCJ9.eyJ0b2tlbl90eXBlIjoicmVmcmVzaCIsImV4cCI6MTc1NTYxNDYyMCwiaWF0IjoxNzU1NTI4MjIwLCJqdGkiOiJkNGVlNzk4N2M0MGE0Mzg2OTFkZTRkZWY5MGY4NjJkYSIsInVzZXJfaWQiOiIyIn0.oI9YjOpxi71Cyn9FIDgAE9CoqvqPqqtTif0e18txNsY", "created_at": "2025-08-18T14:43:40.207Z", "expires_at": "2025-08-19T14:43:40Z"}}, {"model": "token_blacklist.outstandingtoken", "pk": 22, "fields": {"user": ["admin"], "jti": "15871eb8a9b5409e96b7e9a1821e2581", "token": "eyJhbGciOiJIUzI1NiIsInR5cCI6IkpXVCJ9.eyJ0b2tlbl90eXBlIjoicmVmcmVzaCIsImV4cCI6MTc1NTYxNzAyOCwiaWF0IjoxNzU1NTMwNjI4LCJqdGkiOiIxNTg3MWViOGE5YjU0MDllOTZiN2U5YTE4MjFlMjU4MSIsInVzZXJfaWQiOiIyIn0.JF5eJ25qc7jJGg_ij_mL0qXI8MRrFeNgu8cRzQj_CoA", "created_at": "2025-08-18T15:23:48.873Z", "expires_at": "2025-08-19T15:23:48Z"}}, {"model": "token_blacklist.outstandingtoken", "pk": 23, "fields": {"user": ["admin"], "jti": "996fcdcaf507438b95adadd8fc825dd2", "token": "eyJhbGciOiJIUzI1NiIsInR5cCI6IkpXVCJ9.eyJ0b2tlbl90eXBlIjoicmVmcmVzaCIsImV4cCI6MTc1NTYxODkwOSwiaWF0IjoxNzU1NTMyNTA5LCJqdGkiOiI5OTZmY2RjYWY1MDc0MzhiOTVhZGFkZDhmYzgyNWRkMiIsInVzZXJfaWQiOiIyIn0.bNxuRv7SQR478GOV6i-uKrNj01lzacplnHQ9QoD-P6U", "created_at": "2025-08-18T15:55:09.721Z", "expires_at": "2025-08-19T15:55:09Z"}}, {"model": "token_blacklist.outstandingtoken", "pk": 24, "fields": {"user": ["admin"], "jti": "a9275f8c7c0a4192b35a6dae61fdd78d", "token": "eyJhbGciOiJIUzI1NiIsInR5cCI6IkpXVCJ9.eyJ0b2tlbl90eXBlIjoicmVmcmVzaCIsImV4cCI6MTc1NTYyMTE3NCwiaWF0IjoxNzU1NTM0Nzc0LCJqdGkiOiJhOTI3NWY4YzdjMGE0MTkyYjM1YTZkYWU2MWZkZDc4ZCIsInVzZXJfaWQiOiIyIn0.4k35XIDNx1ndijDwCDA-OnpElrQMJeBgKlEfgA_F1JQ", "created_at": "2025-08-18T16:32:54.214Z", "expires_at": "2025-08-19T16:32:54Z"}}, {"model": "token_blacklist.outstandingtoken", "pk": 25, "fields": {"user": ["admin"], "jti": "08a14d8f95bf4be7877068f3f441bb83", "token": "eyJhbGciOiJIUzI1NiIsInR5cCI6IkpXVCJ9.eyJ0b2tlbl90eXBlIjoicmVmcmVzaCIsImV4cCI6MTc1NTYyMzE3NiwiaWF0IjoxNzU1NTM2Nzc2LCJqdGkiOiIwOGExNGQ4Zjk1YmY0YmU3ODc3MDY4ZjNmNDQxYmI4MyIsInVzZXJfaWQiOiIyIn0.tOpHMfWPu8NQDJNjRXG2KtR14LGGt7QWUQKJfWLXcos", "created_at": "2025-08-18T17:06:16.634Z", "expires_at": "2025-08-19T17:06:16Z"}}, {"model": "token_blacklist.outstandingtoken", "pk": 26, "fields": {"user": ["admin"], "jti": "7bcd18387c7d46ebbd7ee150d6dc49ff", "token": "eyJhbGciOiJIUzI1NiIsInR5cCI6IkpXVCJ9.eyJ0b2tlbl90eXBlIjoicmVmcmVzaCIsImV4cCI6MTc1NTYyNTA0MywiaWF0IjoxNzU1NTM4NjQzLCJqdGkiOiI3YmNkMTgzODdjN2Q0NmViYmQ3ZWUxNTBkNmRjNDlmZiIsInVzZXJfaWQiOiIyIn0.4Lz9ya4Z4rQAvjR4NJybQpdk3IERreaWFhhjgCxY5I0", "created_at": "2025-08-18T17:37:23.304Z", "expires_at": "2025-08-19T17:37:23Z"}}, {"model": "token_blacklist.outstandingtoken", "pk": 27, "fields": {"user": ["admin"], "jti": "4a75246748764f4c94bfc0fa26a94203", "token": "eyJhbGciOiJIUzI1NiIsInR5cCI6IkpXVCJ9.eyJ0b2tlbl90eXBlIjoicmVmcmVzaCIsImV4cCI6MTc1NTYyNjg3OSwiaWF0IjoxNzU1NTQwNDc5LCJqdGkiOiI0YTc1MjQ2NzQ4NzY0ZjRjOTRiZmMwZmEyNmE5NDIwMyIsInVzZXJfaWQiOiIyIn0.7I78KGQISZ7Do1lJJVlRActEN67LIHhUi-09HQpG7KA", "created_at": "2025-08-18T18:07:59.303Z", "expires_at": "2025-08-19T18:07:59Z"}}, {"model": "token_blacklist.outstandingtoken", "pk": 28, "fields": {"user": ["admin"], "jti": "d395f1a0376c4a5ba47d3ce8974ebcfa", "token": "eyJhbGciOiJIUzI1NiIsInR5cCI6IkpXVCJ9.eyJ0b2tlbl90eXBlIjoicmVmcmVzaCIsImV4cCI6MTc1NTYyNzAzOSwiaWF0IjoxNzU1NTQwNjM5LCJqdGkiOiJkMzk1ZjFhMDM3NmM0YTViYTQ3ZDNjZTg5NzRlYmNmYSIsInVzZXJfaWQiOiIyIn0.DNuchXoNeBoKQKud6R5MuTUZAT1YbW35YeDHoXQLl5g", "created_at": "2025-08-18T18:10:39.242Z", "expires_at": "2025-08-19T18:10:39Z"}}, {"model": "token_blacklist.outstandingtoken", "pk": 29, "fields": {"user": ["admin"], "jti": "a70185f5a6364659a32dad01cb360e78", "token": "eyJhbGciOiJIUzI1NiIsInR5cCI6IkpXVCJ9.eyJ0b2tlbl90eXBlIjoicmVmcmVzaCIsImV4cCI6MTc1NTYyNzYyMiwiaWF0IjoxNzU1NTQxMjIyLCJqdGkiOiJhNzAxODVmNWE2MzY0NjU5YTMyZGFkMDFjYjM2MGU3OCIsInVzZXJfaWQiOiIyIn0.R42ZKOgcudtwtc9JtRtIxscbIFSuwb21gcG6K3SYTSs", "created_at": "2025-08-18T18:20:22.974Z", "expires_at": "2025-08-19T18:20:22Z"}}, {"model": "token_blacklist.outstandingtoken", "pk": 30, "fields": {"user": ["admin"], "jti": "639fbab1b7e24edaa0db13b2b1fc0b6d", "token": "eyJhbGciOiJIUzI1NiIsInR5cCI6IkpXVCJ9.eyJ0b2tlbl90eXBlIjoicmVmcmVzaCIsImV4cCI6MTc1NTYyNzY0MCwiaWF0IjoxNzU1NTQxMjQwLCJqdGkiOiI2MzlmYmFiMWI3ZTI0ZWRhYTBkYjEzYjJiMWZjMGI2ZCIsInVzZXJfaWQiOiIyIn0.qlR3FyjhpbmOzz0pnTjFf7QzV9Ahz0Do8L4C6AnEcwk", "created_at": "2025-08-18T18:20:40.618Z", "expires_at": "2025-08-19T18:20:40Z"}}, {"model": "token_blacklist.outstandingtoken", "pk": 31, "fields": {"user": ["admin"], "jti": "b94ba33fe96f4eab82f855dadd143dbe", "token": "eyJhbGciOiJIUzI1NiIsInR5cCI6IkpXVCJ9.eyJ0b2tlbl90eXBlIjoicmVmcmVzaCIsImV4cCI6MTc1NTYyNzc4MSwiaWF0IjoxNzU1NTQxMzgxLCJqdGkiOiJiOTRiYTMzZmU5NmY0ZWFiODJmODU1ZGFkZDE0M2RiZSIsInVzZXJfaWQiOiIyIn0.wP0NXV0S_h5-r_F3RxWpfiQlF4KEkqo_-52b2ROgIJc", "created_at": "2025-08-18T18:23:01.729Z", "expires_at": "2025-08-19T18:23:01Z"}}, {"model": "token_blacklist.outstandingtoken", "pk": 32, "fields": {"user": ["admin"], "jti": "cf6d0ef1d16d478994ed3b79141192c8", "token": "eyJhbGciOiJIUzI1NiIsInR5cCI6IkpXVCJ9.eyJ0b2tlbl90eXBlIjoicmVmcmVzaCIsImV4cCI6MTc1NTYyNzgyMywiaWF0IjoxNzU1NTQxNDIzLCJqdGkiOiJjZjZkMGVmMWQxNmQ0Nzg5OTRlZDNiNzkxNDExOTJjOCIsInVzZXJfaWQiOiIyIn0.WvT72_Lm3GzkieF2fvzq4HJjIMAXqzqrp0bDMQ7GJ2I", "created_at": "2025-08-18T18:23:43.156Z", "expires_at": "2025-08-19T18:23:43Z"}}, {"model": "token_blacklist.outstandingtoken", "pk": 33, "fields": {"user": ["admin"], "jti": "bebbc8a3af24461fa57c77b889a5b1f6", "token": "eyJhbGciOiJIUzI1NiIsInR5cCI6IkpXVCJ9.eyJ0b2tlbl90eXBlIjoicmVmcmVzaCIsImV4cCI6MTc1NTYyODAyNCwiaWF0IjoxNzU1NTQxNjI0LCJqdGkiOiJiZWJiYzhhM2FmMjQ0NjFmYTU3Yzc3Yjg4OWE1YjFmNiIsInVzZXJfaWQiOiIyIn0.ayzlEKvHrxf420GrS7I9wLU-KpErg18f8zmOKxFzdsw", "created_at": "2025-08-18T18:27:04.342Z", "expires_at": "2025-08-19T18:27:04Z"}}, {"model": "token_blacklist.outstandingtoken", "pk": 34, "fields": {"user": ["admin"], "jti": "ad74044f28214b7ba76e4f865802b6f1", "token": "eyJhbGciOiJIUzI1NiIsInR5cCI6IkpXVCJ9.eyJ0b2tlbl90eXBlIjoicmVmcmVzaCIsImV4cCI6MTc1NTYyODI2MiwiaWF0IjoxNzU1NTQxODYyLCJqdGkiOiJhZDc0MDQ0ZjI4MjE0YjdiYTc2ZTRmODY1ODAyYjZmMSIsInVzZXJfaWQiOiIyIn0.N3nQfqERWtVOiZG67LDUNWhjlrZ02kvIjnceO9f3Csk", "created_at": "2025-08-18T18:31:02.716Z", "expires_at": "2025-08-19T18:31:02Z"}}, {"model": "token_blacklist.outstandingtoken", "pk": 35, "fields": {"user": ["admin"], "jti": "39e27fe29abf4ed7aab2691a0e883707", "token": "eyJhbGciOiJIUzI1NiIsInR5cCI6IkpXVCJ9.eyJ0b2tlbl90eXBlIjoicmVmcmVzaCIsImV4cCI6MTc1NTY1NTY5MCwiaWF0IjoxNzU1NTY5MjkwLCJqdGkiOiIzOWUyN2ZlMjlhYmY0ZWQ3YWFiMjY5MWEwZTg4MzcwNyIsInVzZXJfaWQiOiIyIn0.MyYuT63nYk0LGRZREb1qyDb1Wrfc7OYyI77nXY1lpxM", "created_at": "2025-08-19T02:08:10.109Z", "expires_at": "2025-08-20T02:08:10Z"}}, {"model": "token_blacklist.outstandingtoken", "pk": 36, "fields": {"user": ["admin"], "jti": "3f86af0ec2c8492b85d73b5e288518e2", "token": "eyJhbGciOiJIUzI1NiIsInR5cCI6IkpXVCJ9.eyJ0b2tlbl90eXBlIjoicmVmcmVzaCIsImV4cCI6MTc1NTY1ODgzNSwiaWF0IjoxNzU1NTcyNDM1LCJqdGkiOiIzZjg2YWYwZWMyYzg0OTJiODVkNzNiNWUyODg1MThlMiIsInVzZXJfaWQiOiIyIn0.p69QYUA7bfC9wgSZZVS0gij0P2rFjNoB1BxNaJqExaQ", "created_at": "2025-08-19T03:00:35.123Z", "expires_at": "2025-08-20T03:00:35Z"}}, {"model": "token_blacklist.outstandingtoken", "pk": 37, "fields": {"user": ["admin"], "jti": "a4e1410096d1440c93371ebc5f381a7c", "token": "eyJhbGciOiJIUzI1NiIsInR5cCI6IkpXVCJ9.eyJ0b2tlbl90eXBlIjoicmVmcmVzaCIsImV4cCI6MTc1NTY2MzM3OCwiaWF0IjoxNzU1NTc2OTc4LCJqdGkiOiJhNGUxNDEwMDk2ZDE0NDBjOTMzNzFlYmM1ZjM4MWE3YyIsInVzZXJfaWQiOiIyIn0.uZc-g4nhYpAP6wryE_7052RqUV_IiZYUzVksrJOx7PE", "created_at": "2025-08-19T04:16:18.739Z", "expires_at": "2025-08-20T04:16:18Z"}}, {"model": "token_blacklist.outstandingtoken", "pk": 38, "fields": {"user": ["admin"], "jti": "a4f5fe1ed71142adb3b617c29fc8e81c", "token": "eyJhbGciOiJIUzI1NiIsInR5cCI6IkpXVCJ9.eyJ0b2tlbl90eXBlIjoicmVmcmVzaCIsImV4cCI6MTc1NTY2NjY3MSwiaWF0IjoxNzU1NTgwMjcxLCJqdGkiOiJhNGY1ZmUxZWQ3MTE0MmFkYjNiNjE3YzI5ZmM4ZTgxYyIsInVzZXJfaWQiOiIyIn0.uP_oAA5OUyxWjWoIkeSwgzUwjmmG4jxnwNQ4VNawLGY", "created_at": "2025-08-19T05:11:11.329Z", "expires_at": "2025-08-20T05:11:11Z"}}, {"model": "token_blacklist.outstandingtoken", "pk": 39, "fields": {"user": ["admin"], "jti": "08ccadd830ea4f28a720263c738e810f", "token": "eyJhbGciOiJIUzI1NiIsInR5cCI6IkpXVCJ9.eyJ0b2tlbl90eXBlIjoicmVmcmVzaCIsImV4cCI6MTc1NTY4Mjk2NSwiaWF0IjoxNzU1NTk2NTY1LCJqdGkiOiIwOGNjYWRkODMwZWE0ZjI4YTcyMDI2M2M3MzhlODEwZiIsInVzZXJfaWQiOiIyIn0.3JNs9JXiccHOyKslq7b5_1KYq1vLCiM047YJDPWcHu0", "created_at": "2025-08-19T09:42:45.203Z", "expires_at": "2025-08-20T09:42:45Z"}}, {"model": "token_blacklist.outstandingtoken", "pk": 40, "fields": {"user": ["admin"], "jti": "9fb52f8003144f9bb461f542ec00a1ed", "token": "eyJhbGciOiJIUzI1NiIsInR5cCI6IkpXVCJ9.eyJ0b2tlbl90eXBlIjoicmVmcmVzaCIsImV4cCI6MTc1NTY4NTU0MiwiaWF0IjoxNzU1NTk5MTQyLCJqdGkiOiI5ZmI1MmY4MDAzMTQ0ZjliYjQ2MWY1NDJlYzAwYTFlZCIsInVzZXJfaWQiOiIyIn0.T1gNAKwQwgk-rchW-f18cR0vBPobWDvBH-aTJrsUmms", "created_at": "2025-08-19T10:25:42.373Z", "expires_at": "2025-08-20T10:25:42Z"}}, {"model": "token_blacklist.blacklistedtoken", "pk": 1, "fields": {"token": 1, "blacklisted_at": "2025-08-14T05:08:02.653Z"}}, {"model": "token_blacklist.blacklistedtoken", "pk": 2, "fields": {"token": 26, "blacklisted_at": "2025-08-18T18:00:09.079Z"}}, {"model": "token_blacklist.blacklistedtoken", "pk": 3, "fields": {"token": 27, "blacklisted_at": "2025-08-18T18:10:28.837Z"}}, {"model": "token_blacklist.blacklistedtoken", "pk": 4, "fields": {"token": 28, "blacklisted_at": "2025-08-18T18:17:42.879Z"}}, {"model": "token_blacklist.blacklistedtoken", "pk": 5, "fields": {"token": 29, "blacklisted_at": "2025-08-18T18:20:25.976Z"}}, {"model": "token_blacklist.blacklistedtoken", "pk": 6, "fields": {"token": 30, "blacklisted_at": "2025-08-18T18:20:43.647Z"}}, {"model": "token_blacklist.blacklistedtoken", "pk": 7, "fields": {"token": 31, "blacklisted_at": "2025-08-18T18:23:04.734Z"}}, {"model": "token_blacklist.blacklistedtoken", "pk": 8, "fields": {"token": 32, "blacklisted_at": "2025-08-18T18:24:17.261Z"}}, {"model": "token_blacklist.blacklistedtoken", "pk": 9, "fields": {"token": 33, "blacklisted_at": "2025-08-18T18:27:07.299Z"}}, {"model": "token_blacklist.blacklistedtoken", "pk": 10, "fields": {"token": 34, "blacklisted_at": "2025-08-18T18:31:06.167Z"}}, {"model": "token_blacklist.blacklistedtoken", "pk": 11, "fields": {"token": 36, "blacklisted_at": "2025-08-19T03:00:58.507Z"}}, {"model": "token_blacklist.blacklistedtoken", "pk": 12, "fields": {"token": 38, "blacklisted_at": "2025-08-19T05:16:01.616Z"}}, {"model": "token_blacklist.blacklistedtoken", "pk": 13, "fields": {"token": 39, "blacklisted_at": "2025-08-19T09:43:02.639Z"}}, {"model": "admin.logentry", "pk": 1, "fields": {"action_time": "2025-08-18T02:40:26.340Z", "user": ["admin"], "content_type": ["apiapp", "game"], "object_id": "10", "object_repr": "Crossword", "action_flag": 1, "change_message": "[{\"added\": {}}]"}}, {"model": "admin.logentry", "pk": 2, "fields": {"action_time": "2025-08-18T02:41:21.253Z", "user": ["admin"], "content_type": ["apiapp", "game"], "object_id": "11", "object_repr": "Temple Run", "action_flag": 1, "change_message": "[{\"added\": {}}]"}}, {"model": "admin.logentry", "pk": 3, "fields": {"action_time": "2025-08-18T02:47:08.864Z", "user": ["admin"], "content_type": ["apiapp", "score"], "object_id": "61", "object_repr": "Score object (61)", "action_flag": 1, "change_message": "[{\"added\": {}}]"}}, {"model": "admin.logentry", "pk": 4, "fields": {"action_time": "2025-08-18T02:47:38.161Z", "user": ["admin"], "content_type": ["apiapp", "score"], "object_id": "62", "object_repr": "Score object (62)", "action_flag": 1, "change_message": "[{\"added\": {}}]"}}, {"model": "admin.logentry", "pk": 5, "fields": {"action_time": "2025-08-19T02:26:10.281Z", "user": ["admin"], "content_type": ["apiapp", "game"], "object_id": "2", "object_repr": "Chess", "action_flag": 2, "change_message": "[{\"changed\": {\"fields\": [\"Image\"]}}]"}}, {"model": "admin.logentry", "pk": 6, "fields": {"action_time": "2025-08-19T02:38:53.166Z", "user": ["admin"], "content_type": ["apiapp", "game"], "object_id": "3", "object_repr": "Sudoku", "action_flag": 2, "change_message": "[{\"changed\": {\"fields\": [\"Image\"]}}]"}}, {"model": "admin.logentry", "pk": 7, "fields": {"action_time": "2025-08-19T02:40:23.009Z", "user": ["admin"], "content_type": ["apiapp", "game"], "object_id": "11", "object_repr": "Temple Run", "action_flag": 2, "change_message": "[]"}}, {"model": "admin.logentry", "pk": 8, "fields": {"action_time": "2025-08-19T02:40:30.859Z", "user": ["admin"], "content_type": ["apiapp", "game"], "object_id": "11", "object_repr": "Temple Run", "action_flag": 2, "change_message": "[{\"changed\": {\"fields\": [\"Image\"]}}]"}}, {"model": "admin.logentry", "pk": 9, "fields": {"action_time": "2025-08-19T02:41:43.838Z", "user": ["admin"], "content_type": ["apiapp", "game"], "object_id": "10", "object_repr": "Crossword", "action_flag": 2, "change_message": "[{\"changed\": {\"fields\": [\"Image\"]}}]"}}, {"model": "admin.logentry", "pk": 10, "fields": {"action_time": "2025-08-19T02:41:50.450Z", "user": ["admin"], "content_type": ["apiapp", "game"], "object_id": "11", "object_repr": "Temple Run", "action_flag": 2, "change_message": "[]"}}, {"model": "admin.logentry", "pk": 11, "fields": {"action_time": "2025-08-19T02:41:58.742Z", "user": ["admin"], "content_type": ["apiapp", "game"], "object_id": "5", "object_repr": "Pac-Man", "action_flag": 2, "change_message": "[{\"changed\": {\"fields\": [\"Image\"]}}]"}}, {"model": "admin.logentry", "pk": 12, "fields": {"action_time": "2025-08-19T02:42:06.857Z", "user": ["admin"], "content_type": ["apiapp", "game"], "object_id": "4", "object_repr": "Tetris", "action_flag": 2, "change_message": "[{\"changed\": {\"fields\": [\"Image\"]}}]"}}]